#VRML V2.0 utf8
# 3D model generated by easyeda2kicad.py (https://github.com/uPesy/easyeda2kicad.py)

Shape{
    appearance Appearance {
        material  Material 	{
            diffuseColor 0.7529411764705882 0.7529411764705882 0.7529411764705882
            specularColor 0.3764705882352941 0.3764705882352941 0.3764705882352941
            ambientIntensity 0.2
            transparency 0
            shininess 0.5
        }
    }
    geometry IndexedFaceSet {
        ccw TRUE
        solid FALSE
        coord DEF co Coordinate {
            point [
                -3.0984 3.0568 -4.1535, -2.9409 3.0568 -4.1535, -3.0984 2.3545 -4.1535, -2.9409 2.3545 -4.1535, -2.9409 3.0568 -0.1929, -3.0984 3.0568 -0.1929, -2.9409 2.3545 -1.0705, -3.0984 2.3545 -1.0705, 2.9409 3.0568 -4.1535, 3.0984 3.0568 -4.1535, 2.9409 2.3545 -4.1535, 3.0984 2.3545 -4.1535, 2.9409 3.0568 -0.1929, 2.9409 2.3545 -1.0705, 3.0984 2.3545 -1.0705, 3.0984 3.0568 -0.1929, 2.9131 -4.065 -4.4646, 1.6477 -4.065 -4.4646, 1.6477 -4.0609 -4.5005, 2.9131 -4.0609 -4.5005, 1.6477 -4.049 -4.5346, 2.9131 -4.049 -4.5346, 1.6477 -4.0297 -4.5652, 2.9131 -4.0297 -4.5652, 1.6477 -4.0042 -4.5908, 2.9131 -4.0042 -4.5908, 1.6477 -3.9736 -4.61, 2.9131 -3.9736 -4.61, 1.6477 -3.9395 -4.6219, 2.9131 -3.9395 -4.6219, 1.6477 -3.9035 -4.626, 2.9131 -3.9035 -4.626, 2.9131 -3.9035 -4.4685, 1.6477 -3.9035 -4.4685, 2.9131 -3.9046 -4.4684, 1.6477 -3.9046 -4.4684, 2.9131 -3.9055 -4.468, 1.6477 -3.9055 -4.468, 2.9131 -3.9063 -4.4674, 1.6477 -3.9063 -4.4674, 2.9131 -3.907 -4.4665, 1.6477 -3.907 -4.4665, 2.9131 -3.9073 -4.4656, 1.6477 -3.9073 -4.4656, 2.9131 -3.9075 -4.4646, 1.6477 -3.9075 -4.4646, 2.9409 1.6673 -4.626, 3.0984 1.6673 -4.626, 2.9409 -1.6713 -4.626, 3.0984 -1.6713 -4.626, 3.0984 2.3151 -4.1535, 3.0984 2.3151 -1.0833, 3.0984 1.6673 -4.1535, 3.0984 -0.4767 -1.0833, 3.0984 -3.8796 -0.1614, 3.0984 -0.9673 -0.1707, 3.0984 -0.9499 -0.1614, 3.0984 -3.8796 -4.626, 3.0984 -2.4587 -4.626, 3.0984 -2.4587 -4.4252, 3.0984 -2.439 -4.3911, 3.0984 -2.4295 -4.3872, 3.0984 -1.6909 -4.3911, 3.0984 -1.6828 -4.3974, 3.0984 -2.4573 -4.415, 3.0984 -2.4534 -4.4055, 3.0984 -2.4471 -4.3974, 3.0984 -2.4193 -4.3858, 3.0984 -2.4091 -4.3872, 3.0984 -2.3996 -4.3911, 3.0984 -2.3915 -4.3974, 3.0984 -1.7487 -4.415, 3.0984 -1.7447 -4.4055, 3.0984 -2.3852 -4.4055, 3.0984 -1.7385 -4.3974, 3.0984 -1.7303 -4.3911, 3.0984 -1.6765 -4.4055, 3.0984 -1.6726 -4.415, 3.0984 -1.6713 -4.4252, 3.0984 -2.3799 -4.4252, 3.0984 -2.3799 -4.5039, 3.0984 -1.75 -4.5039, 3.0984 -1.7208 -4.3872, 3.0984 -1.7106 -4.3858, 3.0984 -1.7004 -4.3872, 3.0984 -2.3813 -4.415, 3.0984 -1.75 -4.4252, 2.9409 2.3151 -1.0833, 2.9409 2.3151 -4.1535, 2.9409 -0.4767 -1.0833, 2.9409 1.6673 -4.1535, 2.9409 -0.9673 -0.1707, 2.9409 -1.6909 -4.3911, 2.9409 -1.7004 -4.3872, 2.9409 -1.6713 -4.4252, 2.9409 -1.6726 -4.415, 2.9409 -1.75 -4.4252, 2.9409 -1.75 -4.5039, 2.9409 -2.3799 -4.5039, 2.9409 -1.6765 -4.4055, 2.9409 -1.6828 -4.3974, 2.9409 -1.7487 -4.415, 2.9409 -1.7106 -4.3858, 2.9409 -1.7208 -4.3872, 2.9409 -1.7303 -4.3911, 2.9409 -1.7385 -4.3974, 2.9409 -1.7447 -4.4055, 2.9409 -2.3799 -4.4252, 2.9409 -2.3813 -4.415, 2.9409 -3.8796 -4.626, 2.9409 -3.8796 -0.1614, 2.9409 -0.9499 -0.1614, 2.9409 -2.3996 -4.3911, 2.9409 -2.4091 -4.3872, 2.9409 -2.4193 -4.3858, 2.9409 -2.3852 -4.4055, 2.9409 -2.3915 -4.3974, 2.9409 -2.4534 -4.4055, 2.9409 -2.4573 -4.415, 2.9409 -2.4587 -4.4252, 2.9409 -2.4587 -4.626, 2.9409 -2.4295 -4.3872, 2.9409 -2.439 -4.3911, 2.9409 -2.4471 -4.3974, -2.9409 -3.8796 -4.626, -3.0984 -3.8796 -4.626, -2.9409 -2.4587 -4.626, -3.0984 -2.4587 -4.626, -3.0984 2.3151 -1.0833, -3.0984 2.3151 -4.1535, -3.0984 -0.4767 -1.0833, -3.0984 1.6673 -4.1535, -3.0984 -0.9673 -0.1707, -3.0984 -1.6909 -4.3911, -3.0984 -1.7004 -4.3872, -3.0984 1.6673 -4.626, -3.0984 -1.6713 -4.626, -3.0984 -1.6713 -4.4252, -3.0984 -1.6726 -4.415, -3.0984 -1.75 -4.4252, -3.0984 -1.75 -4.5039, -3.0984 -2.3799 -4.5039, -3.0984 -1.6765 -4.4055, -3.0984 -1.6828 -4.3974, -3.0984 -1.7487 -4.415, -3.0984 -1.7106 -4.3858, -3.0984 -1.7208 -4.3872, -3.0984 -1.7303 -4.3911, -3.0984 -1.7385 -4.3974, -3.0984 -1.7447 -4.4055, -3.0984 -2.3852 -4.4055, -3.0984 -2.3915 -4.3974, -3.0984 -2.3813 -4.415, -3.0984 -3.8796 -0.1614, -3.0984 -0.9499 -0.1614, -3.0984 -2.3996 -4.3911, -3.0984 -2.4091 -4.3872, -3.0984 -2.4193 -4.3858, -3.0984 -2.3799 -4.4252, -3.0984 -2.4295 -4.3872, -3.0984 -2.439 -4.3911, -3.0984 -2.4471 -4.3974, -3.0984 -2.4534 -4.4055, -3.0984 -2.4573 -4.415, -3.0984 -2.4587 -4.4252, -2.9409 -2.3915 -4.3974, -2.9409 -2.3852 -4.4055, -2.9409 1.6673 -4.1535, -2.9409 2.3151 -4.1535, -2.9409 2.3151 -1.0833, -2.9409 -0.4767 -1.0833, -2.9409 -3.8796 -0.1614, -2.9409 -0.9673 -0.1707, -2.9409 -0.9499 -0.1614, -2.9409 -1.6909 -4.3911, -2.9409 -1.6828 -4.3974, -2.9409 -2.4587 -4.4252, -2.9409 -2.439 -4.3911, -2.9409 -2.4295 -4.3872, -2.9409 -1.7487 -4.415, -2.9409 -1.7447 -4.4055, -2.9409 -1.7385 -4.3974, -2.9409 -1.7303 -4.3911, -2.9409 -2.4573 -4.415, -2.9409 -2.4534 -4.4055, -2.9409 -2.4471 -4.3974, -2.9409 -2.4193 -4.3858, -2.9409 -2.4091 -4.3872, -2.9409 -2.3996 -4.3911, -2.9409 -2.3799 -4.4252, -2.9409 -2.3799 -4.5039, -2.9409 -1.75 -4.5039, -2.9409 -1.6765 -4.4055, -2.9409 -1.6726 -4.415, -2.9409 1.6673 -4.626, -2.9409 -1.6713 -4.4252, -2.9409 -1.6713 -4.626, -2.9409 -2.3813 -4.415, -2.9409 -1.75 -4.4252, -2.9409 -1.7208 -4.3872, -2.9409 -1.7106 -4.3858, -2.9409 -1.7004 -4.3872, 1.1811 -2.4902 -4.4685, 2.9131 -2.4902 -4.4685, 1.1811 -2.4902 -4.626, 2.9131 -2.4902 -4.626, 2.937 3.0711 -0.1575, 2.937 3.0519 -0.1575, 2.9328 3.0765 -0.1575, 2.0904 3.0519 -0.1575, 2.9274 3.0807 -0.1575, 1.7622 3.0807 -0.1575, -2.9274 3.0807 -0.1575, -1.7622 3.0807 -0.1575, -2.0904 3.0519 -0.1575, -2.937 3.0519 -0.1575, -2.937 3.0711 -0.1575, -2.9328 3.0765 -0.1575, -0.0 3.0519 -0.1575, -0.5874 3.0807 -0.1575, 0.5874 3.0807 -0.1575, 1.7622 3.0519 -0.1575, 1.0452 3.0519 -0.1575, 0.5874 3.0519 -0.1575, -0.5874 3.0519 -0.1575, -1.0452 3.0519 -0.1575, -1.7622 3.0519 -0.1575, -3.0947 -3.8829 -0.1269, -3.0943 -3.8831 -0.1255, -3.0982 -0.9326 -0.1521, -3.0984 3.0568 -0.1575, -3.0984 3.0568 -0.1614, -3.098 3.0414 -0.1491, -3.0947 3.0596 -0.1317, -3.0984 3.0572 -0.1575, -3.0984 3.057 -0.1575, -3.0938 3.0602 -0.1256, -3.097 -3.8809 -0.1479, -3.092 -3.8839 -0.1171, -3.0814 3.0636 -0.0919, -3.0869 3.0625 -0.1029, -3.0892 3.062 -0.1078, -3.0984 3.0316 -0.1614, -3.0984 -0.9276 -0.1614, -3.0929 3.0608 -0.1196, -3.0904 -3.8844 -0.1113, -3.0814 -3.8865 -0.0919, -3.0732 3.0654 -0.0751, -3.0723 3.0656 -0.0734, -3.0632 3.0671 -0.0608, -3.08 -3.8868 -0.0888, -3.0743 -3.8881 -0.0765, -3.0454 -3.8923 -0.043, -3.0374 3.0705 -0.0354, -3.063 -3.8899 -0.061, -3.0408 3.07 -0.0388, -3.0535 3.0683 -0.0512, -3.065 -3.8896 -0.0631, -3.0627 3.0671 -0.0602, -3.0251 -3.8948 -0.0261, -3.0066 3.0739 -0.017, -3.0376 -3.8933 -0.0352, -3.017 3.0728 -0.0219, -3.0219 3.0723 -0.0242, -3.0382 -3.8932 -0.0357, -3.0353 3.0707 -0.0334, -2.9589 3.0786 -0.0024, -2.9729 -3.9001 -0.0043, -2.937 3.0807 -0.0, -2.9643 -3.9009 -0.0033, -2.937 -3.9035 -0.0, -3.0209 -3.8952 -0.0241, -3.0065 -3.8967 -0.017, -2.9893 3.0757 -0.009, -2.9907 -3.8984 -0.0092, -2.9872 3.0759 -0.008, -2.9751 -3.8999 -0.0046, -2.9729 3.0773 -0.0041, -2.9715 3.0774 -0.0037, -2.9409 3.0568 -0.1614, -2.9409 3.0574 -0.1612, -2.9408 3.0555 -0.1604, -2.9408 3.0595 -0.1604, -2.9404 3.0543 -0.1594, -2.9408 3.0598 -0.1603, -2.9403 3.0621 -0.1596, -2.9398 3.0533 -0.1586, -2.9398 3.064 -0.1589, -2.9397 3.0647 -0.1587, -2.9394 3.0529 -0.1583, -2.9394 3.0661 -0.1583, -2.939 3.0525 -0.158, -2.939 3.0671 -0.158, -2.9385 3.0523 -0.1578, -2.9389 3.0673 -0.158, -2.938 3.0521 -0.1576, -2.938 3.0691 -0.1577, -2.9375 3.0519 -0.1575, -2.9372 3.0707 -0.1575, -2.9344 3.108 -0.0033, 2.937 3.0807 0.0, -2.9202 3.2237 -0.0888, -2.9211 3.22 -0.0809, 2.9183 3.2329 -0.1078, 2.9131 3.2421 -0.1614, -2.9131 3.2421 -0.1614, 2.9131 3.2421 -0.1575, -2.9131 3.2421 -0.1575, -2.9135 3.2421 -0.1575, -2.9144 3.2409 -0.1479, 2.9171 3.2366 -0.1196, 2.9159 3.2384 -0.1317, 2.9133 3.2421 -0.1575, 2.9135 3.2421 -0.1575, -2.9164 3.2384 -0.1269, -2.9171 3.2364 -0.1197, 2.9171 3.2366 -0.1196, -2.9173 3.2357 -0.1171, -2.9179 3.2341 -0.1113, 2.9219 3.216 -0.0734, 2.9211 3.2198 -0.0811, 2.9188 3.2306 -0.1029, -2.9215 3.218 -0.0765, 2.9251 3.1941 -0.0481, 2.9246 3.1972 -0.0512, 2.9234 3.2064 -0.0602, -2.9282 3.1688 -0.0261, 2.929 3.1612 -0.0221, -2.9267 3.1819 -0.0357, -2.9257 3.1891 -0.043, -2.9231 3.2087 -0.0631, -2.9251 3.194 -0.0481, 2.9263 3.1845 -0.0388, 2.927 3.179 -0.0334, 2.9286 3.1656 -0.0242, 2.933 3.1224 -0.0057, -2.9316 3.1369 -0.0104, -2.9319 3.1344 -0.0092, -2.9287 3.1646 -0.0241, -2.929 3.1611 -0.0223, 2.9291 3.1607 -0.0219, 2.932 3.133 -0.009, 2.9322 3.1309 -0.008, 2.9349 3.1026 -0.0024, 2.9337 3.1152 -0.0037, -2.9334 3.1188 -0.0046, -2.933 3.1224 -0.0056, 2.9255 3.0817 -0.1577, -2.9255 3.0817 -0.1577, -2.9233 3.0826 -0.1581, 2.9262 3.0814 -0.1575, 2.927 3.0809 -0.1575, -2.927 3.0809 -0.1575, -2.9262 3.0814 -0.1575, 2.92 3.0838 -0.1589, 2.9203 3.0837 -0.1589, -2.921 3.0835 -0.1587, 2.921 3.0835 -0.1587, -2.9224 3.0831 -0.1583, 2.9224 3.0831 -0.1583, 2.9233 3.0826 -0.1581, 2.9184 3.084 -0.1595, -2.9203 3.0837 -0.1589, -2.92 3.0838 -0.1589, -2.9184 3.084 -0.1595, -2.9158 3.0844 -0.1605, 2.9158 3.0844 -0.1605, -2.9137 3.0846 -0.1612, -2.9131 3.0846 -0.1614, 2.9131 3.0846 -0.1614, 2.9137 3.0846 -0.1612, 2.0656 -0.9426 -0.1575, 2.937 -0.9426 -0.1575, 2.937 -3.9035 -0.1575, -2.937 -3.9035 -0.1575, -2.937 -0.9426 -0.1575, -2.0656 -0.9426 -0.1575, -1.0328 -0.9426 -0.1575, -0.0 -0.9426 -0.1575, 1.0328 -0.9426 -0.1575, 3.098 3.0414 -0.1491, 3.0984 3.0568 -0.1614, 3.0984 3.0568 -0.1575, 3.0982 -0.9326 -0.1521, 3.0943 3.0602 -0.1255, 3.0941 -3.8831 -0.1255, 3.0952 -3.8822 -0.1341, 3.0984 -0.9276 -0.1614, 3.0984 3.0316 -0.1614, 3.0947 3.0601 -0.1269, 3.0984 3.0572 -0.1575, 3.0972 3.0581 -0.1479, 3.0904 3.0616 -0.1113, 3.0814 3.0636 -0.0919, 3.0814 -3.8865 -0.0919, 3.092 3.061 -0.1171, 3.0892 -3.8848 -0.1078, 3.0939 -3.8833 -0.1233, 3.0743 3.0652 -0.0765, 3.0632 -3.8899 -0.0608, 3.08 3.064 -0.0888, 3.0723 -3.8884 -0.0734, 3.0743 -3.888 -0.0775, 3.063 3.067 -0.061, 3.0454 3.0694 -0.043, 3.0554 -3.8909 -0.053, 3.0374 -3.8933 -0.0354, 3.065 3.0668 -0.0631, 3.0627 -3.89 -0.0602, 3.0219 -3.8951 -0.0242, 3.0376 3.0705 -0.0352, 3.0096 -3.8964 -0.0184, 3.0251 3.0719 -0.0261, 3.0066 -3.8967 -0.017, 3.0382 3.0704 -0.0357, 3.0353 -3.8936 -0.0334, 3.0065 3.0739 -0.017, 2.9907 3.0756 -0.0092, 2.9813 -3.8993 -0.0064, 2.9729 -3.9001 -0.0041, 3.0209 3.0724 -0.0241, 2.9872 -3.8987 -0.008, 2.9505 -3.9023 -0.0015, 2.9729 3.0773 -0.0043, 2.937 -3.9035 -0.0, 2.9643 3.0781 -0.0033, 2.9751 3.0771 -0.0046, 2.9715 -3.9003 -0.0037, 2.9373 -3.9023 -0.1576, 2.9373 -0.9426 -0.1575, 2.9375 -0.9427 -0.1575, 2.938 -3.8996 -0.1578, 2.938 -0.9429 -0.1576, 2.9394 -3.8936 -0.1583, 2.939 -0.9436 -0.158, 2.9396 -3.8916 -0.1587, 2.9398 -0.9448 -0.1586, 2.9394 -3.8936 -0.1583, 2.9389 -3.8956 -0.1581, 2.9385 -0.9432 -0.1578, 2.9387 -3.8964 -0.1581, 2.938 -3.8993 -0.1578, 2.9404 -0.9463 -0.1594, 2.9401 -3.8876 -0.1596, 2.94 -3.888 -0.1595, 2.9408 -0.948 -0.1604, 2.9405 -3.8836 -0.1605, 2.9403 -3.8851 -0.1602, 2.9407 -3.8822 -0.1608, 2.9409 3.0574 -0.1612, 2.9409 3.0568 -0.1614, 2.9408 3.0557 -0.1605, 2.9372 3.0707 -0.1575, 2.9379 3.0694 -0.1577, 2.9387 3.0677 -0.1579, 2.9387 3.0524 -0.1579, 2.9383 3.0522 -0.1577, 2.9379 3.052 -0.1576, 2.9374 3.0519 -0.1575, 2.9389 3.0673 -0.158, 2.9394 3.0661 -0.1583, 2.9395 3.053 -0.1583, 2.9394 3.0657 -0.1584, 2.9398 3.064 -0.1589, 2.9401 3.0537 -0.159, 2.9399 3.0636 -0.1591, 2.9404 3.0614 -0.1598, 2.9406 3.0547 -0.1597, 2.9408 3.0598 -0.1603, 2.9408 3.0591 -0.1605, -2.9408 -3.8809 -0.1611, -2.9408 -0.9483 -0.1605, -2.9404 -3.8868 -0.1597, -2.9404 -3.8865 -0.1598, -2.9405 -0.9468 -0.1598, -2.9406 -3.8839 -0.1604, -2.9407 -3.8831 -0.1606, -2.9395 -0.9442 -0.1583, -2.9401 -3.8899 -0.159, -2.9401 -0.9454 -0.159, -2.9401 -3.8896 -0.159, -2.9401 -3.8896 -0.159, -2.9387 -0.9433 -0.1579, -2.9389 -3.8952 -0.1584, -2.9393 -3.8933 -0.1586, -2.9374 -0.9427 -0.1575, -2.9376 -3.901 -0.1578, -2.9379 -0.9428 -0.1576, -2.9378 -3.9001 -0.1579, -2.9383 -0.943 -0.1577, -2.9382 -3.8981 -0.1581, -2.9385 -3.8967 -0.1582, -2.9131 -4.065 -4.4646, -1.6477 -4.065 -4.4646, -1.6477 -4.065 -3.5822, -2.4597 -4.065 -3.5822, -2.4597 -4.065 -2.8488, -2.9131 -4.065 -0.1614, 2.4597 -4.065 -2.0071, 2.9131 -4.065 -0.1614, -2.1487 -4.065 -2.8488, -2.1487 -4.065 -2.0071, -2.4597 -4.065 -2.0071, -2.4597 -4.065 -0.8813, 2.4597 -4.065 -0.8813, 1.6477 -4.065 -3.5822, 2.4597 -4.065 -3.5822, 2.4597 -4.065 -2.8488, 2.1487 -4.065 -2.8488, 2.1487 -4.065 -2.0071, 1.6477 -3.9075 -3.5822, 2.4597 -3.9075 -3.5822, 2.1487 -3.9075 -2.8488, 2.1487 -3.9075 -2.0071, 2.4597 -3.9075 -2.8488, 2.4597 -3.9075 -2.0071, -2.4597 -3.9075 -2.0071, -2.9131 -3.9075 -4.4646, -2.9131 -3.9075 -0.1614, 2.9131 -3.9075 -0.1614, 2.4597 -3.9075 -0.8813, -2.4597 -3.9075 -0.8813, -1.6477 -3.9075 -3.5822, -1.6477 -3.9075 -4.4646, -2.4597 -3.9075 -3.5822, -2.4597 -3.9075 -2.8488, -2.1487 -3.9075 -2.8488, -2.1487 -3.9075 -2.0071, -2.9131 -3.91 -0.1614, -2.9131 -3.9471 -0.1614, -2.9131 -3.9273 -0.1614, -2.9131 -3.9223 -0.1614, -2.9131 -3.9174 -0.1614, -2.9131 -3.9124 -0.1614, -2.9131 -3.9868 -0.1614, 2.9392 3.0753 -0.1554, 2.9401 3.0753 -0.1531, 2.9416 3.0724 -0.1538, 2.9531 3.0694 -0.1439, 2.9664 3.0694 -0.1293, 2.9716 3.0668 -0.1349, 2.9518 3.061 -0.1575, 2.9551 3.061 -0.1563, 2.9554 3.0602 -0.1575, 3.0779 3.0572 -0.1575, 3.0574 3.0573 -0.1575, 3.0255 3.0581 -0.1575, 3.017 3.061 -0.1386, 3.0112 3.0639 -0.1238, 3.0031 3.0668 -0.1108, 2.9932 3.0694 -0.1, 2.9804 3.0724 -0.0904, 2.966 3.0753 -0.0835, 2.9413 3.0694 -0.1567, 2.942 3.067 -0.1575, 2.9417 3.0674 -0.1575, 2.9407 3.0692 -0.1575, 2.9407 3.0694 -0.1575, 2.9397 3.0724 -0.1575, 2.9449 3.0639 -0.1574, 2.9449 3.064 -0.1575, 2.9441 3.0668 -0.156, 2.9443 3.0643 -0.1575, 2.9437 3.0649 -0.1575, 2.9493 3.0639 -0.1552, 2.9472 3.0624 -0.1575, 2.9449 3.0639 -0.1575, 2.9502 3.0614 -0.1575, 2.9499 3.0625 -0.1564, 2.9483 3.0619 -0.1575, 2.9568 3.0598 -0.1575, 2.9598 3.061 -0.1549, 2.9603 3.0597 -0.1575, 3.0199 3.0582 -0.1575, 2.98 3.0592 -0.1575, 2.9789 3.061 -0.1495, 2.9758 3.0639 -0.1417, 2.9545 3.0625 -0.1546, 2.9591 3.0625 -0.1527, 2.9519 3.0668 -0.15, 2.9571 3.0653 -0.1488, 2.9529 3.0653 -0.1514, 2.9582 3.0639 -0.1507, 2.9538 3.0639 -0.1529, 2.9464 3.0694 -0.1512, 2.948 3.0668 -0.153, 2.9487 3.0653 -0.154, 2.943 3.0694 -0.1549, 2.9422 3.0668 -0.1575, 2.9403 3.0724 -0.1559, 2.9387 3.0753 -0.1575, 2.9597 3.0724 -0.1242, 2.9436 3.0753 -0.1438, 2.9474 3.0738 -0.1401, 2.9452 3.0738 -0.1445, 2.9494 3.0724 -0.1412, 2.9468 3.0724 -0.1454, 2.9513 3.0709 -0.1424, 2.9483 3.0709 -0.1464, 2.9453 3.0709 -0.1504, 2.9497 3.0694 -0.1476, 2.9559 3.0668 -0.147, 2.9442 3.0724 -0.1496, 2.9431 3.0738 -0.149, 2.9418 3.0753 -0.1484, 2.9453 3.0753 -0.1392, 2.9522 3.0753 -0.1206, 2.9378 3.0781 -0.1575, 2.9381 3.0781 -0.1551, 2.9385 3.0781 -0.1527, 2.9406 3.0767 -0.1481, 2.9394 3.0781 -0.1478, 2.9419 3.0767 -0.1433, 2.9402 3.0781 -0.1429, 2.9432 3.0767 -0.1385, 2.941 3.0781 -0.138, 2.9444 3.0781 -0.1185, 2.9511 3.0781 -0.0794, 2.937 3.0807 -0.0782, 2.937 3.0807 -0.1178, 2.937 3.0807 -0.1377, 2.937 3.0807 -0.1426, 2.937 3.0807 -0.1476, 2.937 3.0807 -0.1525, 2.937 3.0807 -0.155, 2.937 3.0807 -0.1575, 2.9409 -3.8936 -0.1563, 2.9394 -3.8936 -0.1583, 2.9388 -3.8993 -0.1553, 2.937 -3.9035 -0.155, 2.9599 -3.8836 -0.1552, 2.9604 -3.8822 -0.1574, 2.9799 -3.8822 -0.154, 2.9778 -3.8851 -0.1462, 3.0149 -3.8851 -0.1324, 3.008 -3.888 -0.1181, 2.9584 -3.8865 -0.151, 2.9593 -3.8851 -0.1531, 2.9546 -3.8851 -0.1549, 2.9439 -3.8979 -0.1439, 2.9457 -3.8979 -0.1393, 2.9435 -3.8993 -0.1386, 2.9404 -3.9008 -0.1429, 2.9395 -3.9008 -0.1478, 2.9408 -3.8993 -0.1481, 2.9598 -3.8993 -0.0814, 2.937 -3.9035 -0.0782, 2.944 -3.9023 -0.0785, 2.9746 -3.8964 -0.0873, 2.9876 -3.8936 -0.0954, 2.9984 -3.8909 -0.1052, 2.937 -3.9035 -0.1476, 2.9382 -3.9023 -0.1476, 2.937 -3.9035 -0.1426, 2.9386 -3.9023 -0.1427, 2.937 -3.9035 -0.1377, 2.939 -3.9023 -0.1377, 2.937 -3.9035 -0.1525, 2.9375 -3.9023 -0.155, 2.9378 -3.9023 -0.1526, 2.9394 -3.8993 -0.1529, 2.949 -3.8993 -0.1195, 2.9407 -3.9023 -0.118, 2.937 -3.9035 -0.1178, 2.941 -3.8964 -0.1535, 2.9433 -3.8964 -0.1491, 2.9421 -3.8979 -0.1485, 2.9422 -3.8993 -0.1433, 2.9413 -3.9008 -0.1381, 2.9567 -3.8964 -0.1226, 2.9436 -3.8909 -0.1554, 2.9472 -3.8909 -0.1521, 2.9454 -3.8936 -0.1504, 2.9484 -3.8936 -0.1465, 2.947 -3.895 -0.1455, 2.9497 -3.895 -0.1413, 2.9477 -3.8964 -0.1402, 2.9545 -3.8909 -0.1454, 2.9691 -3.8909 -0.132, 2.9635 -3.8936 -0.1268, 2.9515 -3.8936 -0.1426, 2.9509 -3.8909 -0.1487, 2.952 -3.8895 -0.1501, 2.9481 -3.8895 -0.1531, 2.9488 -3.888 -0.1542, 2.9446 -3.888 -0.1568, 2.9425 -3.888 -0.1581, 2.943 -3.8851 -0.1592, 2.9742 -3.888 -0.1387, 2.956 -3.8895 -0.1471, 2.9573 -3.888 -0.149, 2.953 -3.888 -0.1516, 2.9539 -3.8865 -0.1532, 2.9495 -3.8865 -0.1554, 2.95 -3.8851 -0.1566, 2.9555 -3.8822 -0.1582, 2.9552 -3.8836 -0.1565, 2.9506 -3.8822 -0.1591, 2.9504 -3.8836 -0.1578, 2.9458 -3.8822 -0.1599, 2.9453 -3.8851 -0.1583, 2.9433 -3.8822 -0.1603, 3.019 -3.8822 -0.1473, 2.9399 -3.8964 -0.1557, 2.9455 -3.8964 -0.1447, 2.9444 -3.895 -0.1497, 2.9424 -3.8936 -0.1544, 2.9417 -3.8909 -0.1571, 2.9434 -3.8796 -0.1614, 2.9459 -3.8796 -0.1614, 2.9509 -3.8796 -0.1614, 2.9558 -3.8796 -0.1614, 2.9608 -3.8796 -0.1614, 2.9806 -3.8796 -0.1614, 3.0202 -3.8796 -0.1614, 3.0984 -0.4532 -1.0439, 3.0984 2.3254 -1.0439, -2.9427 -3.8868 -0.1585, -2.9434 -3.8796 -0.1614, -2.9432 -3.8995 -0.1385, -2.941 -3.9009 -0.138, -2.9444 -3.9009 -0.1185, -2.9522 -3.8981 -0.1206, -2.966 -3.8981 -0.0835, -2.9804 -3.8952 -0.0904, -2.9474 -3.8967 -0.1401, -2.9453 -3.8981 -0.1392, -2.9436 -3.8981 -0.1438, -2.9545 -3.8853 -0.1546, -2.9591 -3.8853 -0.1527, -2.9598 -3.8839 -0.1549, -3.017 -3.8839 -0.1386, -3.0202 -3.8796 -0.1614, -3.0199 -3.8809 -0.1544, -3.0112 -3.8868 -0.1238, -3.0031 -3.8896 -0.1108, -2.9932 -3.8923 -0.1, -2.9459 -3.8809 -0.1607, -2.9459 -3.8796 -0.1614, -2.9434 -3.8809 -0.1609, -2.9509 -3.8796 -0.1614, -2.9508 -3.8809 -0.1603, -2.9558 -3.8796 -0.1614, -2.9557 -3.8809 -0.1598, -2.9608 -3.8796 -0.1614, -2.9607 -3.8809 -0.1594, -2.9789 -3.8839 -0.1495, -2.9804 -3.8809 -0.1577, -2.9806 -3.8796 -0.1614, -2.9456 -3.8839 -0.159, -2.9432 -3.8839 -0.1597, -2.9449 -3.8868 -0.1574, -2.9493 -3.8868 -0.1552, -2.9499 -3.8853 -0.1564, -2.9551 -3.8839 -0.1563, -2.9604 -3.8824 -0.1571, -2.9758 -3.8868 -0.1417, -2.943 -3.8923 -0.1549, -2.9464 -3.8923 -0.1512, -2.948 -3.8896 -0.153, -2.9519 -3.8896 -0.15, -2.9529 -3.8882 -0.1514, -2.9571 -3.8882 -0.1488, -2.9582 -3.8868 -0.1507, -2.9531 -3.8923 -0.1439, -2.9664 -3.8923 -0.1293, -2.9716 -3.8896 -0.1349, -2.9559 -3.8896 -0.147, -2.9497 -3.8923 -0.1476, -2.9483 -3.8937 -0.1464, -2.9453 -3.8937 -0.1504, -2.9442 -3.8952 -0.1496, -2.9416 -3.8952 -0.1538, -2.9403 -3.8952 -0.1559, -2.9392 -3.8981 -0.1554, -2.9597 -3.8952 -0.1242, -2.9513 -3.8937 -0.1424, -2.9494 -3.8952 -0.1412, -2.9468 -3.8952 -0.1454, -2.9452 -3.8967 -0.1445, -2.9431 -3.8967 -0.149, -2.9418 -3.8981 -0.1484, -2.9402 -3.9009 -0.1429, -2.9419 -3.8995 -0.1433, -2.9394 -3.9009 -0.1478, -2.9406 -3.8995 -0.1481, -2.9385 -3.9009 -0.1527, -2.9401 -3.8981 -0.1531, -2.9381 -3.9009 -0.1551, -2.9511 -3.9009 -0.0794, -2.9506 -3.8824 -0.1589, -2.9503 -3.8839 -0.1576, -2.9555 -3.8824 -0.158, -2.9421 -3.8896 -0.1575, -2.9413 -3.8923 -0.1567, -2.9538 -3.8868 -0.1529, -2.9487 -3.8882 -0.154, -2.9441 -3.8896 -0.156, -2.937 -3.9035 -0.155, -2.937 -3.9035 -0.1525, -2.937 -3.9035 -0.1476, -2.937 -3.9035 -0.1426, -2.937 -3.9035 -0.1377, -2.937 -3.9035 -0.1178, -2.937 -3.9035 -0.0782, -2.9413 3.0684 -0.1575, -2.9417 3.0683 -0.157, -2.9412 3.07 -0.1565, -2.9421 3.0669 -0.1575, -2.9434 3.0654 -0.1575, -2.9445 3.0654 -0.1567, -2.9494 3.0639 -0.1552, -2.9487 3.0654 -0.154, -2.9567 3.0598 -0.1575, -2.9603 3.0597 -0.1575, -2.9598 3.0611 -0.1549, -2.9908 3.07 -0.0979, -2.9975 3.0683 -0.1042, -2.937 3.0807 -0.0782, -2.9484 3.0786 -0.079, -2.964 3.0757 -0.0828, -2.9783 3.0728 -0.0892, -3.0073 3.0654 -0.1169, -3.0145 3.0625 -0.1312, -3.0188 3.0596 -0.146, -2.9658 3.0596 -0.1575, -2.98 3.0594 -0.1575, -2.9798 3.0596 -0.1534, -3.0196 3.0586 -0.1575, -2.9498 3.0614 -0.1575, -2.9503 3.0612 -0.1575, -2.9499 3.0625 -0.1564, -2.9511 3.0611 -0.1575, -2.9442 3.0644 -0.1575, -2.9449 3.0639 -0.1575, -2.9468 3.0626 -0.1575, -2.9472 3.0625 -0.1575, -2.9406 3.07 -0.1575, -2.9402 3.0728 -0.1559, -2.9392 3.0731 -0.1575, -2.9391 3.0757 -0.1554, -2.9384 3.0757 -0.1575, -2.9379 3.0773 -0.1575, -2.9379 3.0786 -0.1551, -2.9376 3.0786 -0.1575, -2.937 3.0807 -0.1377, -2.937 3.0807 -0.1426, -2.9396 3.0786 -0.1428, -2.937 3.0807 -0.1575, -2.937 3.0807 -0.155, -2.937 3.0807 -0.1525, -2.937 3.0807 -0.1476, -2.9382 3.0786 -0.1526, -2.937 3.0807 -0.1178, -2.9402 3.0786 -0.1379, -2.9399 3.0757 -0.153, -2.9402 3.0772 -0.148, -2.9389 3.0786 -0.1477, -2.9425 3.0772 -0.1383, -2.9511 3.0757 -0.1202, -2.943 3.0786 -0.1183, -2.9414 3.0728 -0.1537, -2.9427 3.0742 -0.1488, -2.9415 3.0757 -0.1483, -2.9447 3.0757 -0.139, -2.9468 3.0742 -0.1398, -2.9587 3.0728 -0.1236, -2.9488 3.0728 -0.1408, -2.9506 3.0714 -0.142, -2.9652 3.07 -0.1282, -2.9428 3.07 -0.1546, -2.9435 3.0683 -0.1553, -2.9479 3.0669 -0.1529, -2.9471 3.0683 -0.1519, -2.946 3.07 -0.1509, -2.945 3.0714 -0.1501, -2.9439 3.0728 -0.1494, -2.9419 3.0671 -0.1575, -2.9524 3.07 -0.1433, -2.9543 3.0683 -0.1451, -2.9687 3.0683 -0.1315, -2.9738 3.0654 -0.1381, -2.9554 3.0601 -0.1575, -2.9551 3.0611 -0.1562, -2.9545 3.0625 -0.1546, -2.9538 3.0639 -0.1529, -2.9529 3.0654 -0.1514, -2.9518 3.0669 -0.1499, -2.9507 3.0683 -0.1485, -2.9492 3.07 -0.1471, -2.9478 3.0714 -0.146, -2.9463 3.0728 -0.1451, -2.9448 3.0742 -0.1443, -2.9431 3.0757 -0.1436, -2.9414 3.0772 -0.1431, -2.9558 3.0669 -0.1468, -2.9571 3.0654 -0.1487, -2.9776 3.0625 -0.1456, -2.9591 3.0625 -0.1528, -2.9582 3.0639 -0.1507, -3.0984 -0.4532 -1.0439, -3.0984 2.3254 -1.0439, 2.9231 -3.9086 -0.1575, 2.9231 -3.9067 -0.159, 2.9231 -3.9067 -0.159, 2.9173 -3.9097 -0.1597, 2.9173 -3.9071 -0.1604, 2.9202 -3.9069 -0.1597, 2.9131 -3.91 -0.1614, 2.9144 -3.9074 -0.1611, 2.933 -3.9097 -0.1385, 2.9344 -3.9076 -0.138, 2.9344 -3.9109 -0.1185, 2.9316 -3.9187 -0.1206, 2.9316 -3.9325 -0.0835, 2.9287 -3.9469 -0.0904, 2.9301 -3.9139 -0.1401, 2.9316 -3.9118 -0.1392, 2.9316 -3.9101 -0.1438, 2.9188 -3.921 -0.1546, 2.9188 -3.9256 -0.1527, 2.9173 -3.9264 -0.1549, 2.9159 -3.922 -0.158, 2.9159 -3.9172 -0.1589, 2.9173 -3.9168 -0.1576, 2.9179 -4.057 -0.1113, 2.9173 -4.0586 -0.1171, 2.9173 -3.9835 -0.1386, 2.9131 -3.9868 -0.1614, 2.9144 -3.9865 -0.1544, 2.9171 -4.0593 -0.1197, 2.9164 -4.0612 -0.1269, 2.9144 -4.0635 -0.1479, 2.9202 -3.9777 -0.1238, 2.9202 -4.0465 -0.0888, 2.9251 -4.0169 -0.0481, 2.9231 -4.0316 -0.0631, 2.9231 -3.9696 -0.1108, 2.9215 -4.0408 -0.0765, 2.9211 -4.0429 -0.0809, 2.9257 -3.9598 -0.1, 2.9257 -4.0119 -0.043, 2.9282 -3.9916 -0.0261, 2.9267 -4.0048 -0.0357, 2.9319 -3.9572 -0.0092, 2.9316 -3.9597 -0.0104, 2.929 -3.9839 -0.0223, 2.9287 -3.9874 -0.0241, 2.933 -3.9453 -0.0056, 2.9344 -3.9177 -0.0794, 2.9334 -3.9416 -0.0046, 2.9344 -3.9309 -0.0033, 2.9131 -3.9174 -0.1614, 2.9144 -3.9173 -0.1603, 2.9131 -3.9223 -0.1614, 2.9144 -3.9223 -0.1598, 2.9131 -3.9273 -0.1614, 2.9144 -3.9272 -0.1594, 2.9131 -3.9124 -0.1614, 2.9144 -3.9099 -0.1609, 2.9144 -3.9124 -0.1607, 2.9173 -3.9121 -0.159, 2.9173 -3.9454 -0.1495, 2.9144 -3.947 -0.1577, 2.9131 -3.9471 -0.1614, 2.9202 -3.9115 -0.1574, 2.9202 -3.9159 -0.1552, 2.9188 -3.9164 -0.1564, 2.9173 -3.9216 -0.1563, 2.9159 -3.9269 -0.1571, 2.9202 -3.9424 -0.1417, 2.9257 -3.9095 -0.1549, 2.9257 -3.9129 -0.1512, 2.9231 -3.9145 -0.153, 2.9231 -3.9185 -0.15, 2.9216 -3.9195 -0.1514, 2.9216 -3.9236 -0.1488, 2.9202 -3.9247 -0.1507, 2.9257 -3.9196 -0.1439, 2.9257 -3.933 -0.1293, 2.9231 -3.9381 -0.1349, 2.9231 -3.9224 -0.147, 2.9257 -3.9162 -0.1476, 2.9272 -3.9148 -0.1464, 2.9272 -3.9119 -0.1504, 2.9287 -3.9108 -0.1496, 2.9287 -3.9082 -0.1538, 2.9287 -3.9069 -0.1559, 2.9316 -3.9058 -0.1554, 2.9287 -3.9262 -0.1242, 2.9272 -3.9178 -0.1424, 2.9287 -3.9159 -0.1412, 2.9287 -3.9133 -0.1454, 2.9301 -3.9118 -0.1445, 2.9301 -3.9096 -0.149, 2.9316 -3.9084 -0.1484, 2.9344 -3.9067 -0.1429, 2.933 -3.9084 -0.1433, 2.9344 -3.9059 -0.1478, 2.933 -3.9071 -0.1481, 2.9344 -3.9051 -0.1527, 2.9316 -3.9066 -0.1531, 2.9344 -3.9046 -0.1551, 2.9171 -3.9072 -0.1605, 2.9202 -3.9093 -0.1585, 2.9211 -3.9068 -0.1595, 2.9202 -3.9203 -0.1529, 2.9216 -3.9153 -0.154, 2.9231 -3.9106 -0.156, 2.9257 -3.9079 -0.1567, 2.9251 -3.9062 -0.1588, 2.9287 -3.9054 -0.1584, 2.929 -3.9053 -0.1584, 2.9316 -3.9048 -0.1581, 2.933 -3.9044 -0.1579, 2.9344 -3.9041 -0.1578, -2.9271 -3.9074 -0.1563, -2.9271 -3.9059 -0.1583, -2.927 -3.9059 -0.1583, -2.9328 -3.9053 -0.1553, -2.9328 -3.9046 -0.1578, -2.9299 -3.9053 -0.1581, -2.9357 -3.9039 -0.1576, -2.9171 -3.9265 -0.1552, -2.9157 -3.9269 -0.1574, -2.9157 -3.9465 -0.154, -2.9185 -3.9444 -0.1462, -2.9185 -3.9815 -0.1324, -2.9214 -3.9745 -0.1181, -2.92 -3.9249 -0.151, -2.9185 -3.9258 -0.1531, -2.9185 -3.9212 -0.1549, -2.9313 -3.9104 -0.1439, -2.9313 -3.9122 -0.1393, -2.9328 -3.9101 -0.1386, -2.9343 -3.9069 -0.1429, -2.9343 -3.906 -0.1478, -2.9328 -3.9073 -0.1481, -2.9322 -3.9537 -0.008, -2.9328 -3.9478 -0.0064, -2.9328 -3.9264 -0.0814, -2.9357 -3.9106 -0.0785, -2.933 -3.9453 -0.0057, -2.9337 -3.938 -0.0037, -2.9357 -3.9171 -0.0015, -2.9299 -3.9412 -0.0873, -2.9299 -3.9761 -0.0184, -2.9251 -4.0169 -0.0481, -2.927 -4.0018 -0.0334, -2.9271 -3.9541 -0.0954, -2.9286 -3.9885 -0.0242, -2.929 -3.984 -0.0221, -2.9244 -3.9649 -0.1052, -2.9244 -4.022 -0.053, -2.9219 -4.0388 -0.0734, -2.9234 -4.0293 -0.0602, -2.9183 -4.0558 -0.1078, -2.9185 -4.0546 -0.1053, -2.9211 -4.0426 -0.0811, -2.9214 -4.0409 -0.0775, -2.9171 -4.0593 -0.1197, -2.9157 -3.9855 -0.1473, -2.9167 -4.0604 -0.1233, -2.9157 -4.0617 -0.1341, -2.9357 -3.9047 -0.1476, -2.9357 -3.9051 -0.1427, -2.9357 -3.9055 -0.1377, -2.9357 -3.9041 -0.155, -2.9357 -3.9043 -0.1526, -2.9328 -3.906 -0.1529, -2.9328 -3.9155 -0.1195, -2.9357 -3.9072 -0.118, -2.9299 -3.9076 -0.1535, -2.9299 -3.9098 -0.1491, -2.9313 -3.9086 -0.1485, -2.9328 -3.9087 -0.1433, -2.9343 -3.9078 -0.1381, -2.9299 -3.9232 -0.1226, -2.9244 -3.9101 -0.1554, -2.9244 -3.9138 -0.1521, -2.9271 -3.912 -0.1504, -2.9271 -3.915 -0.1465, -2.9285 -3.9136 -0.1455, -2.9285 -3.9162 -0.1413, -2.9299 -3.9143 -0.1402, -2.9244 -3.9211 -0.1454, -2.9244 -3.9357 -0.132, -2.9271 -3.93 -0.1268, -2.9271 -3.918 -0.1426, -2.9244 -3.9174 -0.1487, -2.9229 -3.9186 -0.1501, -2.9229 -3.9146 -0.1531, -2.9214 -3.9154 -0.1542, -2.9214 -3.9111 -0.1568, -2.9214 -3.909 -0.1581, -2.9185 -3.9096 -0.1592, -2.9214 -3.9407 -0.1387, -2.9229 -3.9225 -0.1471, -2.9214 -3.9238 -0.149, -2.9214 -3.9196 -0.1516, -2.92 -3.9204 -0.1532, -2.92 -3.916 -0.1554, -2.9185 -3.9165 -0.1566, -2.9157 -3.9221 -0.1582, -2.9171 -3.9217 -0.1565, -2.9157 -3.9172 -0.1591, -2.9171 -3.9169 -0.1578, -2.9157 -3.9123 -0.1599, -2.9185 -3.9119 -0.1583, -2.9157 -3.9099 -0.1603, -2.933 -3.9045 -0.1578, -2.9299 -3.9064 -0.1557, -2.929 -3.9055 -0.1581, -2.9299 -3.912 -0.1447, -2.9285 -3.9109 -0.1497, -2.9271 -3.9089 -0.1544, -2.9244 -3.9083 -0.1571, -2.9251 -3.9062 -0.1587, -2.9214 -3.9066 -0.1595, -2.9211 -3.9066 -0.1596, -2.9185 -3.9069 -0.1602, -2.9171 -3.907 -0.1605, -2.9157 -3.9072 -0.1608, 2.9231 -3.9067 -0.159, -2.9316 3.0829 -0.1554, -2.9316 3.0838 -0.1531, -2.9287 3.0853 -0.1538, -2.9257 3.0968 -0.1439, -2.9257 3.1101 -0.1293, -2.9231 3.1153 -0.1349, -2.9173 3.0955 -0.1575, -2.9173 3.0988 -0.1563, -2.9165 3.0991 -0.1575, -2.9135 3.2216 -0.1575, -2.9136 3.2011 -0.1575, -2.9144 3.1692 -0.1575, -2.9173 3.1607 -0.1386, -2.9202 3.1549 -0.1238, -2.9231 3.1468 -0.1108, -2.9257 3.1369 -0.1, -2.9287 3.1241 -0.0904, -2.9316 3.1097 -0.0835, -2.9344 3.0948 -0.0794, -2.9257 3.085 -0.1567, -2.9233 3.0857 -0.1575, -2.9237 3.0854 -0.1575, -2.9255 3.0844 -0.1575, -2.9257 3.0844 -0.1575, -2.9287 3.0834 -0.1575, -2.9202 3.0886 -0.1574, -2.9203 3.0886 -0.1575, -2.9231 3.0878 -0.156, -2.9206 3.088 -0.1575, -2.9212 3.0874 -0.1575, -2.9202 3.093 -0.1552, -2.9187 3.0909 -0.1575, -2.9202 3.0887 -0.1575, -2.9177 3.0939 -0.1575, -2.9188 3.0936 -0.1564, -2.9182 3.092 -0.1575, -2.9161 3.1005 -0.1575, -2.9173 3.1035 -0.1549, -2.916 3.104 -0.1575, -2.9145 3.1636 -0.1575, -2.9155 3.1237 -0.1575, -2.9173 3.1226 -0.1495, -2.9202 3.1195 -0.1417, -2.9188 3.0982 -0.1546, -2.9188 3.1028 -0.1527, -2.9231 3.0956 -0.15, -2.9216 3.1008 -0.1488, -2.9216 3.0966 -0.1514, -2.9202 3.1019 -0.1507, -2.9202 3.0975 -0.1529, -2.9257 3.0901 -0.1512, -2.9231 3.0917 -0.153, -2.9216 3.0924 -0.154, -2.9257 3.0867 -0.1549, -2.9231 3.0859 -0.1575, -2.9287 3.084 -0.1559, -2.9316 3.0824 -0.1575, -2.9287 3.1034 -0.1242, -2.9316 3.0873 -0.1438, -2.9301 3.0911 -0.1401, -2.9301 3.0889 -0.1445, -2.9287 3.0931 -0.1412, -2.9287 3.0905 -0.1454, -2.9272 3.095 -0.1424, -2.9272 3.092 -0.1464, -2.9272 3.089 -0.1504, -2.9257 3.0934 -0.1476, -2.9231 3.0996 -0.147, -2.9287 3.0879 -0.1496, -2.9301 3.0868 -0.149, -2.9316 3.0855 -0.1484, -2.9316 3.089 -0.1392, -2.9316 3.0959 -0.1206, -2.9344 3.0815 -0.1575, -2.9344 3.0818 -0.1551, -2.9344 3.0822 -0.1527, -2.933 3.0843 -0.1481, -2.9344 3.0831 -0.1478, -2.933 3.0856 -0.1433, -2.9344 3.0839 -0.1429, -2.933 3.0869 -0.1385, -2.9344 3.0847 -0.138, -2.9344 3.0881 -0.1185, 2.9247 3.085 -0.1575, 2.9246 3.0854 -0.157, 2.9263 3.0849 -0.1565, 2.9232 3.0858 -0.1575, 2.9217 3.0871 -0.1575, 2.9217 3.0882 -0.1567, 2.9202 3.0931 -0.1552, 2.9217 3.0924 -0.154, 2.9161 3.1004 -0.1575, 2.916 3.104 -0.1575, 2.9174 3.1035 -0.1549, 2.9349 3.0921 -0.079, 2.932 3.1077 -0.0828, 2.9291 3.122 -0.0892, 2.9263 3.1345 -0.0979, 2.9246 3.1412 -0.1042, 2.9217 3.151 -0.1169, 2.9188 3.1582 -0.1312, 2.9159 3.1625 -0.146, 2.9159 3.1095 -0.1575, 2.9157 3.1237 -0.1575, 2.9159 3.1235 -0.1534, 2.9149 3.1633 -0.1575, 2.9176 3.0935 -0.1575, 2.9175 3.094 -0.1575, 2.9188 3.0936 -0.1564, 2.9174 3.0948 -0.1575, 2.9207 3.0879 -0.1575, 2.9202 3.0886 -0.1575, 2.9189 3.0905 -0.1575, 2.9188 3.0909 -0.1575, 2.9263 3.0843 -0.1575, 2.9291 3.0839 -0.1559, 2.9294 3.0829 -0.1575, 2.932 3.0828 -0.1554, 2.932 3.0821 -0.1575, 2.9336 3.0816 -0.1575, 2.9349 3.0816 -0.1551, 2.9349 3.0813 -0.1575, 2.9349 3.0833 -0.1428, 2.9349 3.0819 -0.1526, 2.9349 3.0839 -0.1379, 2.932 3.0836 -0.153, 2.9335 3.0839 -0.148, 2.9349 3.0826 -0.1477, 2.9335 3.0862 -0.1383, 2.932 3.0948 -0.1202, 2.9349 3.0867 -0.1183, 2.9291 3.0851 -0.1537, 2.9305 3.0864 -0.1488, 2.932 3.0852 -0.1483, 2.932 3.0884 -0.139, 2.9305 3.0905 -0.1398, 2.9291 3.1024 -0.1236, 2.9291 3.0925 -0.1408, 2.9277 3.0943 -0.142, 2.9263 3.1089 -0.1282, 2.9263 3.0865 -0.1546, 2.9246 3.0872 -0.1553, 2.9232 3.0916 -0.1529, 2.9246 3.0908 -0.1519, 2.9263 3.0897 -0.1509, 2.9277 3.0887 -0.1501, 2.9291 3.0876 -0.1494, 2.9234 3.0856 -0.1575, 2.9263 3.0961 -0.1433, 2.9246 3.098 -0.1451, 2.9246 3.1124 -0.1315, 2.9217 3.1175 -0.1381, 2.9164 3.0991 -0.1575, 2.9174 3.0988 -0.1562, 2.9188 3.0982 -0.1546, 2.9202 3.0975 -0.1529, 2.9217 3.0966 -0.1514, 2.9232 3.0955 -0.1499, 2.9246 3.0944 -0.1485, 2.9263 3.0929 -0.1471, 2.9277 3.0915 -0.146, 2.9291 3.09 -0.1451, 2.9305 3.0885 -0.1443, 2.932 3.0868 -0.1436, 2.9335 3.0851 -0.1431, 2.9232 3.0995 -0.1468, 2.9217 3.1008 -0.1487, 2.9188 3.1213 -0.1456, 2.9188 3.1028 -0.1528, 2.9202 3.1019 -0.1507, -2.9131 3.2421 -4.1535, 2.9131 3.2421 -4.1535, 2.9131 3.0846 -4.1535, -2.9131 3.0846 -4.1535, -2.9131 -3.9035 -4.4685, -2.9131 -3.9035 -4.626, -2.9131 -3.9046 -4.4684, -2.9131 -3.9395 -4.6219, -2.9131 -3.9055 -4.468, -2.9131 -4.0609 -4.5005, -2.9131 -3.9073 -4.4656, -2.9131 -4.049 -4.5346, -2.9131 -3.907 -4.4665, -2.9131 -4.0297 -4.5652, -2.9131 -3.9063 -4.4674, -2.9131 -4.0042 -4.5908, -2.9131 -3.9736 -4.61, -1.6477 -4.0609 -4.5005, -1.6477 -4.049 -4.5346, -1.6477 -4.0297 -4.5652, -1.6477 -4.0042 -4.5908, -1.6477 -3.9736 -4.61, -1.6477 -3.9395 -4.6219, -1.6477 -3.9035 -4.626, -1.6477 -3.9035 -4.4685, -1.6477 -3.9046 -4.4684, -1.6477 -3.9055 -4.468, -1.6477 -3.9063 -4.4674, -1.6477 -3.907 -4.4665, -1.6477 -3.9073 -4.4656, -2.9131 -2.4902 -4.4685, -2.9131 -2.4902 -4.626, -1.6477 -3.4536 -4.626, -0.9044 -3.0311 -4.626, -1.1811 -2.4902 -4.626, -0.9044 -1.9411 -4.626, -1.1811 -1.5846 -4.626, 0.9044 -1.9411 -4.626, 1.1811 -1.5846 -4.626, 0.9044 -3.0311 -4.626, 1.6477 -3.4536 -4.626, 1.6477 -3.4536 -4.4685, 0.9044 -3.0311 -4.4685, 0.9044 -1.9411 -4.4685, 1.1811 -1.5846 -4.4685, -0.9044 -1.9411 -4.4685, -1.1811 -1.5846 -4.4685, -0.9044 -3.0311 -4.4685, -1.1811 -2.4902 -4.4685, -1.6477 -3.4536 -4.4685, -2.1477 -3.9073 -2.0071, -2.1069 -4.0595 -2.0071, -2.1467 -3.907 -2.0071, -2.068 -4.0433 -2.0071, -2.1459 -3.9063 -2.0071, -2.0345 -4.0177 -2.0071, -2.1453 -3.9055 -2.0071, -2.0089 -3.9843 -2.0071, -2.1449 -3.9046 -2.0071, -1.9928 -3.9453 -2.0071, -2.1447 -3.9035 -2.0071, -1.9873 -3.9035 -2.0071, -2.1447 -3.9035 -2.8488, -1.9873 -3.9035 -2.8488, -2.1449 -3.9046 -2.8488, -1.9928 -3.9453 -2.8488, -2.1453 -3.9055 -2.8488, -2.0089 -3.9843 -2.8488, -2.1459 -3.9063 -2.8488, -2.0345 -4.0177 -2.8488, -2.1467 -3.907 -2.8488, -2.068 -4.0433 -2.8488, -2.1477 -3.9073 -2.8488, -2.1069 -4.0595 -2.8488, -2.1447 -2.8839 -2.8488, -1.9873 -2.8839 -2.8488, -1.9873 -2.8839 -2.0071, -2.1447 -2.8839 -2.0071, 2.1477 -3.9073 -2.8488, 2.1069 -4.0595 -2.8488, 2.1467 -3.907 -2.8488, 2.068 -4.0433 -2.8488, 2.1459 -3.9063 -2.8488, 2.0345 -4.0177 -2.8488, 2.1453 -3.9055 -2.8488, 2.0089 -3.9843 -2.8488, 2.1449 -3.9046 -2.8488, 1.9928 -3.9453 -2.8488, 2.1447 -3.9035 -2.8488, 1.9873 -3.9035 -2.8488, 2.1447 -3.9035 -2.0071, 1.9873 -3.9035 -2.0071, 2.1449 -3.9046 -2.0071, 1.9928 -3.9453 -2.0071, 2.1453 -3.9055 -2.0071, 2.0089 -3.9843 -2.0071, 2.1459 -3.9063 -2.0071, 2.0345 -4.0177 -2.0071, 2.1467 -3.907 -2.0071, 2.068 -4.0433 -2.0071, 2.1477 -3.9073 -2.0071, 2.1069 -4.0595 -2.0071, 2.1447 -2.8839 -2.0071, 1.9873 -2.8839 -2.0071, 1.9873 -2.8839 -2.8488, 2.1447 -2.8839 -2.8488, -2.94 3.064 -4.1535, -3.0921 3.1048 -4.1535, -2.9372 3.0707 -4.1535, -3.0736 3.1495 -4.1535, -2.9328 3.0765 -4.1535, -3.0441 3.1878 -4.1535, -2.927 3.0809 -4.1535, -3.0058 3.2173 -4.1535, -2.9203 3.0837 -4.1535, -2.9611 3.2358 -4.1535, 2.9203 3.0837 -4.1535, 2.9611 3.2358 -4.1535, 2.927 3.0809 -4.1535, 3.0058 3.2173 -4.1535, 2.9328 3.0765 -4.1535, 3.0441 3.1878 -4.1535, 2.9372 3.0707 -4.1535, 3.0736 3.1495 -4.1535, 2.94 3.064 -4.1535, 3.0921 3.1048 -4.1535, 2.0904 3.0414 -0.1491, 1.0452 3.0414 -0.1491, -0.0 3.0414 -0.1491, -1.0452 3.0414 -0.1491, -2.0904 3.0414 -0.1491, -2.9398 3.0338 -0.1586, -2.9404 3.0332 -0.1594, 2.9404 3.0332 -0.1594, 2.9398 3.0338 -0.1586, -2.9408 3.0324 -0.1604, -2.9409 3.0316 -0.1614, -2.9409 2.3254 -1.0439, 2.9409 2.3254 -1.0439, 2.9409 3.0316 -0.1614, 2.9408 3.0324 -0.1604, 2.9385 3.0345 -0.1578, 2.938 3.0346 -0.1576, -2.938 3.0346 -0.1576, -2.9385 3.0345 -0.1578, 2.9375 3.0347 -0.1575, 2.937 3.0347 -0.1575, -2.937 3.0347 -0.1575, -2.9375 3.0347 -0.1575, -2.939 3.0343 -0.158, -2.9394 3.0341 -0.1583, 2.9394 3.0341 -0.1583, 2.939 3.0343 -0.158, -2.9409 -0.4532 -1.0439, 2.9398 -0.9291 -0.1586, 2.9404 -0.9286 -0.1594, -2.9404 -0.9286 -0.1594, -2.9398 -0.9291 -0.1586, 2.9408 -0.9281 -0.1604, 2.9409 -0.9276 -0.1614, 2.9409 -0.4532 -1.0439, -2.9409 -0.9276 -0.1614, -2.9408 -0.9281 -0.1604, -2.9394 -0.9293 -0.1583, -2.939 -0.9294 -0.158, -2.9385 -0.9295 -0.1578, -2.938 -0.9296 -0.1576, -2.9375 -0.9297 -0.1575, -2.937 -0.9297 -0.1575, 2.9375 -0.9297 -0.1575, 2.938 -0.9296 -0.1576, 2.9385 -0.9295 -0.1578, 2.939 -0.9294 -0.158, 2.9394 -0.9293 -0.1583, 2.937 -0.9297 -0.1575, 2.0656 -0.9326 -0.1521, 1.0328 -0.9326 -0.1521, -0.0 -0.9326 -0.1521, -1.0328 -0.9326 -0.1521, -2.0656 -0.9326 -0.1521, 3.0984 3.0568 -0.1575, 3.0968 3.081 -0.1575, 3.0921 3.1048 -0.1575, 3.0736 3.1495 -0.1575, 3.0441 3.1878 -0.1575, 3.0058 3.2173 -0.1575, 2.9611 3.2358 -0.1575, 2.9373 3.2405 -0.1575, 2.9131 3.2421 -0.1575, 2.9391 3.0669 -0.1581, 2.9407 3.0603 -0.1602, -2.9131 3.2421 -0.1575, -2.9373 3.2405 -0.1575, -2.9611 3.2358 -0.1575, -3.0058 3.2173 -0.1575, -3.0441 3.1878 -0.1575, -3.0736 3.1495 -0.1575, -3.0921 3.1048 -0.1575, -3.0968 3.081 -0.1575, -3.0984 3.0568 -0.1575, -2.9263 3.0813 -0.1576, -3.0986 -1.75 -4.505, -2.9464 -1.75 -4.5457, -3.099 -1.75 -4.5059, -2.9626 -1.75 -4.5846, -3.0996 -1.75 -4.5067, -2.9882 -1.75 -4.6181, -3.1004 -1.75 -4.5073, -3.0217 -1.75 -4.6437, -3.1013 -1.75 -4.5077, -3.0606 -1.75 -4.6599, -3.1024 -1.75 -4.5079, -3.1024 -1.75 -4.6654, -3.1024 -2.3799 -4.5079, -3.1024 -2.3799 -4.6654, -3.1013 -2.3799 -4.5077, -3.0606 -2.3799 -4.6599, -3.1004 -2.3799 -4.5073, -3.0217 -2.3799 -4.6437, -3.0996 -2.3799 -4.5067, -2.9882 -2.3799 -4.6181, -3.099 -2.3799 -4.5059, -2.9626 -2.3799 -4.5846, -3.0986 -2.3799 -4.505, -2.9464 -2.3799 -4.5457, -3.6417 -2.3799 -4.5079, -3.6417 -2.3799 -4.6654, -3.6417 -1.75 -4.6654, -3.6417 -1.75 -4.5079, 3.0986 -2.3799 -4.505, 2.9464 -2.3799 -4.5457, 3.099 -2.3799 -4.5059, 2.9626 -2.3799 -4.5846, 3.0996 -2.3799 -4.5067, 2.9882 -2.3799 -4.6181, 3.1004 -2.3799 -4.5073, 3.0217 -2.3799 -4.6437, 3.1013 -2.3799 -4.5077, 3.0606 -2.3799 -4.6599, 3.1024 -2.3799 -4.5079, 3.1024 -2.3799 -4.6654, 3.1024 -1.75 -4.5079, 3.1024 -1.75 -4.6654, 3.1013 -1.75 -4.5077, 3.0606 -1.75 -4.6599, 3.1004 -1.75 -4.5073, 3.0217 -1.75 -4.6437, 3.0996 -1.75 -4.5067, 2.9882 -1.75 -4.6181, 3.099 -1.75 -4.5059, 2.9626 -1.75 -4.5846, 3.0986 -1.75 -4.505, 2.9464 -1.75 -4.5457, 3.6417 -1.75 -4.5079, 3.6417 -1.75 -4.6654, 3.6417 -2.3799 -4.6654, 3.6417 -2.3799 -4.5079, 3.6417 -2.3799 -4.5079
            ]
        }
        coordIndex [
            0,1,2,-1,2,1,3,-1,1,0,4,-1,4,0,5,-1,6,3,4,-1,4,3,1,-1,0,2,5,-1,5,2,7,-1,7,6,5,-1,5,6,4,-1,2,3,7,-1,7,3,6,-1,8,9,10,-1,10,9,11,-1,12,8,13,-1,13,8,10,-1,11,9,14,-1,14,9,15,-1,15,9,12,-1,12,9,8,-1,14,13,11,-1,11,13,10,-1,14,15,13,-1,13,15,12,-1,16,17,18,-1,16,18,19,-1,19,18,20,-1,19,20,21,-1,21,20,22,-1,21,22,23,-1,23,22,24,-1,23,24,25,-1,25,24,26,-1,25,26,27,-1,27,26,28,-1,27,28,29,-1,29,28,30,-1,29,30,31,-1,32,33,34,-1,34,33,35,-1,34,35,36,-1,36,35,37,-1,36,37,38,-1,38,37,39,-1,38,39,40,-1,40,39,41,-1,40,41,42,-1,42,41,43,-1,42,43,44,-1,44,43,45,-1,46,47,48,-1,48,47,49,-1,50,51,52,-1,52,51,53,-1,52,53,54,-1,54,53,55,-1,54,55,56,-1,57,58,59,-1,60,61,54,-1,62,63,52,-1,59,64,57,-1,57,64,65,-1,57,65,54,-1,54,65,66,-1,54,66,60,-1,61,67,54,-1,54,67,68,-1,54,68,52,-1,52,68,69,-1,52,69,70,-1,71,72,73,-1,73,72,74,-1,73,74,70,-1,70,74,75,-1,63,76,52,-1,52,76,77,-1,52,77,47,-1,47,77,78,-1,47,78,49,-1,79,80,81,-1,75,82,70,-1,70,82,83,-1,70,83,52,-1,52,83,84,-1,52,84,62,-1,73,85,71,-1,71,85,79,-1,71,79,86,-1,86,79,81,-1,87,88,89,-1,89,88,90,-1,91,92,93,-1,90,46,89,-1,89,46,48,-1,89,48,91,-1,91,48,94,-1,91,94,95,-1,96,97,98,-1,95,99,91,-1,91,99,100,-1,91,100,92,-1,96,98,101,-1,93,102,91,-1,91,102,103,-1,91,103,104,-1,104,105,91,-1,91,105,106,-1,91,106,101,-1,101,98,91,-1,91,98,107,-1,91,107,108,-1,109,110,91,-1,91,110,111,-1,112,113,91,-1,91,113,114,-1,108,115,91,-1,91,115,116,-1,91,116,112,-1,117,118,109,-1,109,118,119,-1,109,119,120,-1,114,121,91,-1,91,121,122,-1,91,122,109,-1,109,122,123,-1,109,123,117,-1,57,109,58,-1,58,109,120,-1,124,125,126,-1,126,125,127,-1,128,129,130,-1,130,129,131,-1,132,133,134,-1,131,135,130,-1,130,135,136,-1,130,136,132,-1,132,136,137,-1,132,137,138,-1,139,140,141,-1,138,142,132,-1,132,142,143,-1,132,143,133,-1,139,141,144,-1,134,145,132,-1,132,145,146,-1,132,146,147,-1,147,148,132,-1,132,148,149,-1,132,149,144,-1,150,151,132,-1,150,132,152,-1,125,153,132,-1,132,153,154,-1,151,155,132,-1,132,155,156,-1,132,156,157,-1,144,141,132,-1,132,141,158,-1,132,158,152,-1,157,159,132,-1,132,159,160,-1,132,160,125,-1,125,160,161,-1,125,161,162,-1,162,163,125,-1,125,163,164,-1,125,164,127,-1,165,166,167,-1,168,169,167,-1,167,169,170,-1,167,170,171,-1,171,170,172,-1,171,172,173,-1,174,175,167,-1,124,126,176,-1,177,178,171,-1,179,180,166,-1,166,180,181,-1,166,181,182,-1,176,183,124,-1,124,183,184,-1,124,184,171,-1,171,184,185,-1,171,185,177,-1,178,186,171,-1,171,186,187,-1,171,187,167,-1,167,187,188,-1,167,188,165,-1,189,190,191,-1,175,192,167,-1,167,192,193,-1,167,193,194,-1,194,193,195,-1,194,195,196,-1,166,197,179,-1,179,197,189,-1,179,189,198,-1,198,189,191,-1,182,199,166,-1,166,199,200,-1,166,200,167,-1,167,200,201,-1,167,201,174,-1,135,194,136,-1,136,194,196,-1,202,203,204,-1,204,203,205,-1,206,207,208,-1,208,207,209,-1,208,209,210,-1,210,209,211,-1,212,213,214,-1,215,216,214,-1,214,216,217,-1,214,217,212,-1,218,219,220,-1,209,221,211,-1,211,221,222,-1,211,222,220,-1,220,222,223,-1,220,223,218,-1,218,224,219,-1,219,224,225,-1,219,225,213,-1,213,225,226,-1,213,226,214,-1,227,228,229,-1,230,231,232,-1,233,234,235,-1,230,232,235,-1,235,232,236,-1,235,236,233,-1,154,153,229,-1,229,153,237,-1,229,237,227,-1,238,239,228,-1,228,239,240,-1,228,240,241,-1,242,243,232,-1,232,243,229,-1,232,229,236,-1,236,229,228,-1,236,228,244,-1,244,228,241,-1,238,245,239,-1,239,245,246,-1,239,246,247,-1,247,246,248,-1,248,246,249,-1,249,246,250,-1,249,250,251,-1,252,253,254,-1,254,253,255,-1,254,255,256,-1,251,257,249,-1,249,257,254,-1,249,254,258,-1,258,254,256,-1,259,260,261,-1,261,260,262,-1,261,262,263,-1,252,264,253,-1,253,264,261,-1,253,261,265,-1,265,261,263,-1,266,267,268,-1,268,267,269,-1,268,269,270,-1,259,271,260,-1,260,271,272,-1,260,272,273,-1,273,272,274,-1,273,274,275,-1,275,274,276,-1,275,276,277,-1,277,276,267,-1,277,267,278,-1,278,267,266,-1,279,280,281,-1,281,280,282,-1,281,282,283,-1,282,284,283,-1,283,284,285,-1,283,285,286,-1,285,287,286,-1,286,287,288,-1,286,288,289,-1,289,288,290,-1,289,290,291,-1,291,290,292,-1,291,292,293,-1,293,292,294,-1,293,294,295,-1,295,294,296,-1,295,296,297,-1,297,296,298,-1,297,298,215,-1,215,298,216,-1,299,268,300,-1,301,302,303,-1,304,305,306,-1,306,305,307,-1,308,309,307,-1,307,309,310,-1,307,310,306,-1,306,310,311,-1,306,311,312,-1,312,311,313,-1,309,314,310,-1,310,314,315,-1,310,315,316,-1,316,315,317,-1,316,317,303,-1,303,317,318,-1,303,318,301,-1,319,320,302,-1,302,320,321,-1,302,321,303,-1,322,323,324,-1,322,324,302,-1,302,324,325,-1,302,325,319,-1,326,327,328,-1,328,327,329,-1,322,330,323,-1,323,330,331,-1,323,331,332,-1,332,331,333,-1,329,327,331,-1,331,327,334,-1,331,334,333,-1,335,336,337,-1,326,338,327,-1,327,338,339,-1,327,339,340,-1,340,339,341,-1,336,335,339,-1,339,335,342,-1,339,342,341,-1,300,343,299,-1,299,343,344,-1,299,344,345,-1,345,344,335,-1,345,335,346,-1,346,335,337,-1,347,348,349,-1,347,350,211,-1,211,350,351,-1,211,351,210,-1,213,212,352,-1,211,220,347,-1,347,220,219,-1,347,219,213,-1,213,352,347,-1,347,352,353,-1,347,353,348,-1,354,355,356,-1,356,355,357,-1,356,357,358,-1,358,357,359,-1,358,359,349,-1,349,359,360,-1,349,360,347,-1,354,356,361,-1,361,356,362,-1,361,362,363,-1,363,364,361,-1,361,364,365,-1,361,365,366,-1,367,368,369,-1,367,369,365,-1,365,369,370,-1,365,370,366,-1,371,372,373,-1,374,375,376,-1,376,377,374,-1,374,377,378,-1,374,378,373,-1,373,378,379,-1,373,379,371,-1,380,381,382,-1,383,384,385,-1,383,385,56,-1,56,385,386,-1,56,386,54,-1,387,388,383,-1,383,388,380,-1,383,380,384,-1,384,380,389,-1,382,390,380,-1,380,390,391,-1,380,391,389,-1,392,393,394,-1,392,394,395,-1,395,394,396,-1,395,396,384,-1,384,396,397,-1,384,397,385,-1,398,399,400,-1,400,399,401,-1,400,401,393,-1,393,401,402,-1,393,402,394,-1,403,404,405,-1,405,404,406,-1,398,407,399,-1,399,407,403,-1,399,403,408,-1,408,403,405,-1,409,410,411,-1,411,410,412,-1,411,412,413,-1,404,414,406,-1,406,414,410,-1,406,410,415,-1,415,410,409,-1,416,417,418,-1,418,417,419,-1,412,420,413,-1,413,420,416,-1,413,416,421,-1,421,416,418,-1,422,423,424,-1,424,423,425,-1,424,425,300,-1,417,426,419,-1,419,426,423,-1,419,423,427,-1,427,423,422,-1,428,373,372,-1,372,429,428,-1,428,429,430,-1,428,430,431,-1,431,430,432,-1,433,434,435,-1,435,434,436,-1,433,437,434,-1,434,437,438,-1,434,438,439,-1,439,438,440,-1,439,440,432,-1,432,440,441,-1,432,441,431,-1,442,443,436,-1,436,443,444,-1,436,444,435,-1,445,446,442,-1,442,446,447,-1,442,447,443,-1,111,110,445,-1,445,110,448,-1,445,448,446,-1,449,450,451,-1,207,206,452,-1,453,454,455,-1,455,456,453,-1,453,456,457,-1,453,457,452,-1,452,457,458,-1,452,458,207,-1,454,459,455,-1,455,459,460,-1,455,460,461,-1,460,462,461,-1,461,462,463,-1,461,463,464,-1,463,465,464,-1,464,465,466,-1,464,466,467,-1,467,466,468,-1,467,468,451,-1,451,468,469,-1,451,469,449,-1,171,173,470,-1,470,173,471,-1,472,473,474,-1,474,473,475,-1,474,475,471,-1,471,475,476,-1,471,476,470,-1,477,478,479,-1,479,478,480,-1,479,480,474,-1,474,480,481,-1,474,481,472,-1,482,483,477,-1,477,483,484,-1,477,484,478,-1,375,374,485,-1,485,374,486,-1,485,486,487,-1,487,486,488,-1,487,488,489,-1,489,488,490,-1,489,490,482,-1,482,490,491,-1,482,491,483,-1,492,493,494,-1,494,495,492,-1,492,495,496,-1,492,496,497,-1,498,16,499,-1,500,501,496,-1,496,501,502,-1,496,502,497,-1,497,502,503,-1,497,503,499,-1,499,503,504,-1,499,504,498,-1,505,17,506,-1,506,17,16,-1,506,16,507,-1,507,16,498,-1,507,498,508,-1,508,498,509,-1,45,510,44,-1,44,510,511,-1,512,513,514,-1,514,513,515,-1,516,517,518,-1,511,514,44,-1,44,514,515,-1,44,515,519,-1,519,515,520,-1,519,520,518,-1,518,520,521,-1,518,521,516,-1,522,523,524,-1,524,523,517,-1,524,517,525,-1,525,517,516,-1,525,516,526,-1,526,516,527,-1,509,498,513,-1,513,498,515,-1,500,496,526,-1,526,496,525,-1,498,504,515,-1,515,504,520,-1,516,521,502,-1,502,521,503,-1,528,518,517,-1,529,530,517,-1,517,530,531,-1,531,532,517,-1,517,532,533,-1,517,533,528,-1,529,517,534,-1,534,517,492,-1,534,492,497,-1,268,270,300,-1,300,270,424,-1,535,536,537,-1,538,539,540,-1,541,542,543,-1,391,390,544,-1,544,545,391,-1,391,545,546,-1,391,546,389,-1,395,384,547,-1,547,384,389,-1,395,547,392,-1,392,547,548,-1,392,548,393,-1,549,398,548,-1,548,398,400,-1,548,400,393,-1,550,403,549,-1,549,403,407,-1,549,407,398,-1,410,550,412,-1,412,550,551,-1,410,414,550,-1,550,414,404,-1,550,404,403,-1,552,416,551,-1,551,416,420,-1,551,420,412,-1,425,423,552,-1,423,426,552,-1,552,426,417,-1,552,417,416,-1,553,554,555,-1,555,556,553,-1,553,556,557,-1,553,557,558,-1,559,560,561,-1,561,560,562,-1,561,562,563,-1,564,565,559,-1,559,565,566,-1,559,566,560,-1,541,567,568,-1,568,567,569,-1,543,542,570,-1,570,542,571,-1,570,571,572,-1,389,546,547,-1,547,546,573,-1,547,573,574,-1,574,572,575,-1,575,572,571,-1,575,571,576,-1,541,568,542,-1,542,568,577,-1,542,577,571,-1,571,577,578,-1,571,578,576,-1,579,580,581,-1,581,580,582,-1,581,582,583,-1,584,579,585,-1,585,579,581,-1,585,581,586,-1,586,581,583,-1,586,583,564,-1,564,559,586,-1,586,559,561,-1,586,561,585,-1,585,561,587,-1,585,587,584,-1,563,588,561,-1,561,588,554,-1,561,554,587,-1,587,554,553,-1,587,553,589,-1,589,553,558,-1,589,558,590,-1,539,538,591,-1,592,593,594,-1,594,593,595,-1,594,595,596,-1,596,595,597,-1,596,597,598,-1,590,535,589,-1,589,535,537,-1,589,537,587,-1,587,537,599,-1,587,599,584,-1,584,599,600,-1,584,600,579,-1,579,600,601,-1,579,601,580,-1,598,602,596,-1,596,602,603,-1,596,603,594,-1,594,603,604,-1,594,604,592,-1,592,605,593,-1,593,605,606,-1,593,606,595,-1,595,606,591,-1,595,591,597,-1,597,591,538,-1,597,538,598,-1,574,575,547,-1,547,575,576,-1,547,576,548,-1,548,576,540,-1,548,540,549,-1,549,540,539,-1,549,539,550,-1,550,539,591,-1,550,591,551,-1,551,591,606,-1,551,606,552,-1,590,607,535,-1,535,607,608,-1,535,608,536,-1,536,608,609,-1,536,609,610,-1,610,609,611,-1,610,611,612,-1,612,611,613,-1,612,613,614,-1,614,613,615,-1,614,615,616,-1,569,565,568,-1,568,565,564,-1,568,564,577,-1,577,564,583,-1,577,583,578,-1,578,583,582,-1,578,582,576,-1,576,582,580,-1,576,580,540,-1,540,580,601,-1,540,601,538,-1,538,601,600,-1,538,600,598,-1,598,600,599,-1,598,599,602,-1,602,599,537,-1,602,537,603,-1,603,537,536,-1,603,536,604,-1,604,536,610,-1,604,610,592,-1,592,610,612,-1,592,612,605,-1,605,612,614,-1,605,614,606,-1,606,614,616,-1,606,616,552,-1,552,616,617,-1,552,617,425,-1,300,425,618,-1,618,425,617,-1,618,617,619,-1,619,617,616,-1,619,616,620,-1,620,616,615,-1,620,615,621,-1,621,615,613,-1,621,613,622,-1,622,613,611,-1,622,611,623,-1,623,611,609,-1,623,609,624,-1,624,609,608,-1,624,608,625,-1,625,608,607,-1,626,437,627,-1,628,441,440,-1,629,373,428,-1,630,631,632,-1,633,634,635,-1,636,637,633,-1,637,636,638,-1,639,640,641,-1,642,643,644,-1,421,418,645,-1,424,646,647,-1,418,419,645,-1,645,419,427,-1,645,427,647,-1,647,427,422,-1,647,422,424,-1,411,413,648,-1,648,413,421,-1,406,415,649,-1,649,415,409,-1,399,408,650,-1,650,408,405,-1,650,405,406,-1,634,394,635,-1,635,394,402,-1,635,402,401,-1,386,385,634,-1,385,397,634,-1,634,397,396,-1,634,396,394,-1,651,652,653,-1,653,652,654,-1,653,654,655,-1,655,654,656,-1,657,658,659,-1,659,658,628,-1,644,643,660,-1,661,662,656,-1,656,662,663,-1,656,663,655,-1,664,665,666,-1,666,665,639,-1,666,639,667,-1,667,639,641,-1,667,641,668,-1,669,645,661,-1,661,645,647,-1,661,647,662,-1,662,647,646,-1,662,646,663,-1,670,671,672,-1,672,671,673,-1,672,673,674,-1,674,673,675,-1,674,675,676,-1,676,675,669,-1,677,678,679,-1,679,678,649,-1,679,649,648,-1,648,649,409,-1,648,409,411,-1,679,680,677,-1,677,680,681,-1,677,681,682,-1,682,681,683,-1,682,683,684,-1,684,683,685,-1,421,645,648,-1,648,645,669,-1,648,669,679,-1,679,669,675,-1,679,675,680,-1,680,675,673,-1,680,673,681,-1,681,673,671,-1,681,671,683,-1,683,671,670,-1,683,670,685,-1,685,670,686,-1,685,686,687,-1,688,689,690,-1,690,689,691,-1,690,691,692,-1,692,691,693,-1,692,693,694,-1,694,638,692,-1,692,638,636,-1,692,636,690,-1,690,636,633,-1,690,633,688,-1,688,633,635,-1,688,635,650,-1,650,635,401,-1,650,401,399,-1,631,630,695,-1,695,630,696,-1,695,696,697,-1,697,696,698,-1,697,698,699,-1,699,698,700,-1,699,700,701,-1,693,700,694,-1,694,700,698,-1,694,698,638,-1,638,698,696,-1,638,696,637,-1,637,696,630,-1,637,630,633,-1,633,630,632,-1,633,632,634,-1,634,632,702,-1,634,702,386,-1,657,629,658,-1,658,629,428,-1,658,428,628,-1,628,428,431,-1,628,431,441,-1,643,659,660,-1,660,659,628,-1,660,628,703,-1,703,628,440,-1,703,440,438,-1,668,642,667,-1,667,642,644,-1,667,644,666,-1,666,644,660,-1,666,660,664,-1,664,660,703,-1,664,703,626,-1,626,703,438,-1,626,438,437,-1,640,639,704,-1,704,639,665,-1,704,665,705,-1,705,665,664,-1,705,664,706,-1,706,664,626,-1,706,626,707,-1,707,626,627,-1,707,627,435,-1,435,686,707,-1,707,686,670,-1,707,670,706,-1,706,670,672,-1,706,672,705,-1,705,672,674,-1,705,674,704,-1,704,674,676,-1,704,676,640,-1,640,676,669,-1,640,669,641,-1,641,669,661,-1,641,661,668,-1,668,661,656,-1,668,656,642,-1,642,656,654,-1,642,654,643,-1,643,654,652,-1,643,652,659,-1,659,652,651,-1,659,651,657,-1,435,444,686,-1,686,444,443,-1,686,443,687,-1,687,443,447,-1,687,447,446,-1,406,649,650,-1,650,649,678,-1,650,678,688,-1,688,678,677,-1,688,677,689,-1,689,677,682,-1,689,682,691,-1,691,682,684,-1,691,684,693,-1,693,684,685,-1,693,685,700,-1,700,685,687,-1,700,687,701,-1,701,687,446,-1,701,446,448,-1,448,110,701,-1,701,110,708,-1,701,708,699,-1,699,708,709,-1,699,709,697,-1,697,709,710,-1,697,710,695,-1,695,710,711,-1,695,711,631,-1,631,711,712,-1,631,712,632,-1,632,712,713,-1,632,713,702,-1,702,713,714,-1,702,714,386,-1,386,714,54,-1,715,716,387,-1,387,716,388,-1,708,110,109,-1,57,54,714,-1,712,711,109,-1,57,714,109,-1,109,714,713,-1,109,713,712,-1,711,710,109,-1,109,710,709,-1,109,709,708,-1,717,472,481,-1,718,171,470,-1,719,720,721,-1,722,723,724,-1,725,726,722,-1,726,725,727,-1,728,729,730,-1,245,238,731,-1,153,732,733,-1,238,228,731,-1,731,228,227,-1,731,227,733,-1,733,227,237,-1,733,237,153,-1,250,246,734,-1,734,246,245,-1,254,257,735,-1,735,257,251,-1,261,264,736,-1,736,264,252,-1,736,252,254,-1,723,272,724,-1,724,272,271,-1,724,271,259,-1,269,267,723,-1,267,276,723,-1,723,276,274,-1,723,274,272,-1,737,738,739,-1,739,738,718,-1,740,741,742,-1,742,741,743,-1,742,743,744,-1,744,743,745,-1,746,747,745,-1,745,747,748,-1,745,748,744,-1,749,750,717,-1,751,752,753,-1,753,752,728,-1,753,728,754,-1,754,728,730,-1,754,730,755,-1,756,731,746,-1,746,731,733,-1,746,733,747,-1,747,733,732,-1,747,732,748,-1,757,758,759,-1,759,758,760,-1,759,760,761,-1,761,760,762,-1,761,762,763,-1,763,762,756,-1,764,765,766,-1,766,765,735,-1,766,735,734,-1,734,735,251,-1,734,251,250,-1,766,767,764,-1,764,767,768,-1,764,768,769,-1,769,768,770,-1,769,770,771,-1,771,770,772,-1,245,731,734,-1,734,731,756,-1,734,756,766,-1,766,756,762,-1,766,762,767,-1,767,762,760,-1,767,760,768,-1,768,760,758,-1,768,758,770,-1,770,758,757,-1,770,757,772,-1,772,757,773,-1,772,773,774,-1,775,776,777,-1,777,776,778,-1,777,778,779,-1,779,778,780,-1,779,780,781,-1,781,727,779,-1,779,727,725,-1,779,725,777,-1,777,725,722,-1,777,722,775,-1,775,722,724,-1,775,724,736,-1,736,724,259,-1,736,259,261,-1,720,719,782,-1,782,719,783,-1,782,783,784,-1,784,783,785,-1,784,785,786,-1,786,785,787,-1,786,787,788,-1,780,787,781,-1,781,787,785,-1,781,785,727,-1,727,785,783,-1,727,783,726,-1,726,783,719,-1,726,719,722,-1,722,719,721,-1,722,721,723,-1,723,721,789,-1,723,789,269,-1,718,470,739,-1,739,470,750,-1,739,750,737,-1,737,750,749,-1,737,749,790,-1,790,749,791,-1,790,791,792,-1,470,476,750,-1,750,476,475,-1,750,475,717,-1,717,475,473,-1,717,473,472,-1,755,792,754,-1,754,792,791,-1,754,791,753,-1,753,791,749,-1,753,749,751,-1,751,749,717,-1,751,717,793,-1,793,717,481,-1,793,481,480,-1,478,484,794,-1,729,728,795,-1,795,728,752,-1,795,752,796,-1,796,752,751,-1,796,751,797,-1,797,751,793,-1,797,793,794,-1,794,793,480,-1,794,480,478,-1,484,773,794,-1,794,773,757,-1,794,757,797,-1,797,757,759,-1,797,759,796,-1,796,759,761,-1,796,761,795,-1,795,761,763,-1,795,763,729,-1,729,763,756,-1,729,756,730,-1,730,756,746,-1,730,746,755,-1,755,746,745,-1,755,745,792,-1,792,745,743,-1,792,743,790,-1,790,743,741,-1,790,741,737,-1,737,741,740,-1,737,740,738,-1,484,483,773,-1,773,483,491,-1,773,491,774,-1,774,491,490,-1,774,490,488,-1,254,735,736,-1,736,735,765,-1,736,765,775,-1,775,765,764,-1,775,764,776,-1,776,764,769,-1,776,769,778,-1,778,769,771,-1,778,771,780,-1,780,771,772,-1,780,772,787,-1,787,772,774,-1,787,774,788,-1,788,774,488,-1,788,488,486,-1,486,374,788,-1,788,374,798,-1,788,798,786,-1,786,798,799,-1,786,799,784,-1,784,799,800,-1,784,800,782,-1,782,800,801,-1,782,801,720,-1,720,801,802,-1,720,802,721,-1,721,802,803,-1,721,803,789,-1,789,803,804,-1,789,804,269,-1,269,804,270,-1,805,806,807,-1,808,809,810,-1,811,812,810,-1,813,814,815,-1,255,816,817,-1,268,818,819,-1,277,819,275,-1,275,819,820,-1,277,278,819,-1,819,278,266,-1,819,266,268,-1,821,260,820,-1,820,260,273,-1,820,273,275,-1,816,255,821,-1,821,255,253,-1,821,253,265,-1,265,263,821,-1,821,263,262,-1,821,262,260,-1,249,817,248,-1,248,817,822,-1,249,258,817,-1,817,258,256,-1,817,256,255,-1,823,239,822,-1,822,239,247,-1,822,247,248,-1,824,233,823,-1,823,233,236,-1,823,236,244,-1,244,241,823,-1,823,241,240,-1,823,240,239,-1,825,826,827,-1,827,826,828,-1,829,830,831,-1,831,830,832,-1,809,833,810,-1,810,833,834,-1,810,834,811,-1,811,834,835,-1,811,835,831,-1,831,835,836,-1,831,836,829,-1,805,807,837,-1,837,807,838,-1,837,838,839,-1,839,838,840,-1,839,840,841,-1,841,840,842,-1,842,840,843,-1,842,843,844,-1,845,846,847,-1,848,844,849,-1,849,844,843,-1,849,843,850,-1,851,850,852,-1,853,845,854,-1,855,856,852,-1,852,856,857,-1,852,857,851,-1,858,859,854,-1,854,859,860,-1,854,860,853,-1,861,862,855,-1,855,862,863,-1,855,863,856,-1,858,864,859,-1,859,864,865,-1,859,865,866,-1,865,867,866,-1,866,867,868,-1,866,868,869,-1,850,843,852,-1,852,843,840,-1,852,840,855,-1,855,840,838,-1,855,838,861,-1,861,838,807,-1,861,807,870,-1,870,807,806,-1,870,806,871,-1,872,873,871,-1,871,873,874,-1,871,874,870,-1,870,874,875,-1,870,875,861,-1,861,875,876,-1,861,876,862,-1,812,872,810,-1,810,872,871,-1,810,871,808,-1,808,871,806,-1,808,806,877,-1,877,806,805,-1,868,878,869,-1,869,878,879,-1,869,879,880,-1,880,879,881,-1,882,883,832,-1,832,883,884,-1,832,884,831,-1,831,884,885,-1,831,885,811,-1,811,885,886,-1,811,886,812,-1,812,886,887,-1,812,887,872,-1,872,887,888,-1,872,888,873,-1,873,888,889,-1,873,889,874,-1,874,889,890,-1,874,890,875,-1,875,890,891,-1,875,891,876,-1,876,891,892,-1,876,892,862,-1,862,892,893,-1,862,893,863,-1,863,893,894,-1,863,894,856,-1,856,894,847,-1,856,847,857,-1,857,847,846,-1,857,846,851,-1,879,895,881,-1,881,895,896,-1,881,896,897,-1,814,825,815,-1,815,825,827,-1,815,827,898,-1,898,827,897,-1,898,897,899,-1,899,897,896,-1,845,847,854,-1,854,847,894,-1,854,894,858,-1,858,894,893,-1,858,893,864,-1,864,893,892,-1,864,892,865,-1,865,892,891,-1,865,891,867,-1,867,891,890,-1,867,890,868,-1,868,890,889,-1,868,889,878,-1,878,889,888,-1,878,888,879,-1,879,888,887,-1,879,887,895,-1,895,887,886,-1,895,886,896,-1,896,886,885,-1,896,885,899,-1,899,885,884,-1,899,884,898,-1,898,884,883,-1,898,883,815,-1,815,883,882,-1,815,882,813,-1,234,233,828,-1,828,233,824,-1,828,824,827,-1,827,824,823,-1,827,823,897,-1,897,823,822,-1,897,822,881,-1,881,822,817,-1,881,817,880,-1,880,817,816,-1,880,816,869,-1,869,816,821,-1,869,821,866,-1,866,821,820,-1,866,820,859,-1,859,820,819,-1,859,819,860,-1,860,819,818,-1,860,818,853,-1,124,171,125,-1,125,171,718,-1,125,718,738,-1,744,748,125,-1,125,748,732,-1,125,732,153,-1,738,740,125,-1,125,740,742,-1,125,742,744,-1,243,242,900,-1,900,242,901,-1,902,903,904,-1,905,906,907,-1,908,519,909,-1,910,911,912,-1,913,914,915,-1,916,917,913,-1,917,916,918,-1,919,920,921,-1,922,923,924,-1,925,926,927,-1,499,928,929,-1,926,930,927,-1,927,930,931,-1,927,931,929,-1,929,931,932,-1,929,932,499,-1,933,934,925,-1,935,936,937,-1,937,936,938,-1,937,938,939,-1,940,941,935,-1,915,942,943,-1,944,945,914,-1,914,945,946,-1,914,946,915,-1,915,946,947,-1,915,947,942,-1,948,949,950,-1,950,949,951,-1,952,953,954,-1,954,953,955,-1,954,955,956,-1,956,955,957,-1,958,959,960,-1,960,959,905,-1,924,923,961,-1,962,963,957,-1,957,963,964,-1,957,964,956,-1,965,966,967,-1,967,966,919,-1,967,919,968,-1,968,919,921,-1,968,921,969,-1,970,927,962,-1,962,927,929,-1,962,929,963,-1,963,929,928,-1,963,928,964,-1,971,972,973,-1,973,972,974,-1,973,974,975,-1,975,974,976,-1,975,976,977,-1,977,976,970,-1,978,979,980,-1,980,979,937,-1,980,937,933,-1,933,937,939,-1,933,939,934,-1,980,981,978,-1,978,981,982,-1,978,982,983,-1,983,982,984,-1,983,984,985,-1,985,984,986,-1,925,927,933,-1,933,927,970,-1,933,970,980,-1,980,970,976,-1,980,976,981,-1,981,976,974,-1,981,974,982,-1,982,974,972,-1,982,972,984,-1,984,972,971,-1,984,971,986,-1,986,971,987,-1,986,987,988,-1,989,990,991,-1,991,990,992,-1,991,992,993,-1,993,992,994,-1,993,994,995,-1,995,918,993,-1,993,918,916,-1,993,916,991,-1,991,916,913,-1,991,913,989,-1,989,913,915,-1,989,915,940,-1,940,915,943,-1,940,943,941,-1,911,910,996,-1,996,910,997,-1,996,997,998,-1,998,997,999,-1,998,999,1000,-1,1000,999,1001,-1,1000,1001,1002,-1,948,944,949,-1,949,944,914,-1,949,914,912,-1,912,914,913,-1,912,913,910,-1,910,913,917,-1,910,917,997,-1,997,917,918,-1,997,918,999,-1,999,918,995,-1,999,995,1001,-1,1001,995,994,-1,958,908,959,-1,959,908,909,-1,959,909,905,-1,905,909,1003,-1,905,1003,906,-1,923,960,961,-1,961,960,905,-1,961,905,1004,-1,1004,905,907,-1,1004,907,1005,-1,969,922,968,-1,968,922,924,-1,968,924,967,-1,967,924,961,-1,967,961,965,-1,965,961,1004,-1,965,1004,902,-1,902,1004,1005,-1,902,1005,903,-1,920,919,1006,-1,1006,919,966,-1,1006,966,1007,-1,1007,966,965,-1,1007,965,1008,-1,1008,965,902,-1,1008,902,1009,-1,1009,902,904,-1,1009,904,1010,-1,1010,987,1009,-1,1009,987,971,-1,1009,971,1008,-1,1008,971,973,-1,1008,973,1007,-1,1007,973,975,-1,1007,975,1006,-1,1006,975,977,-1,1006,977,920,-1,920,977,970,-1,920,970,921,-1,921,970,962,-1,921,962,969,-1,969,962,957,-1,969,957,922,-1,922,957,955,-1,922,955,923,-1,923,955,953,-1,923,953,960,-1,960,953,952,-1,960,952,958,-1,1010,1011,987,-1,987,1011,1012,-1,987,1012,988,-1,988,1012,1013,-1,988,1013,1014,-1,935,937,940,-1,940,937,979,-1,940,979,989,-1,989,979,978,-1,989,978,990,-1,990,978,983,-1,990,983,992,-1,992,983,985,-1,992,985,994,-1,994,985,986,-1,994,986,1001,-1,1001,986,988,-1,1001,988,1002,-1,1002,988,1014,-1,1002,1014,1015,-1,1015,373,1002,-1,1002,373,629,-1,1002,629,1000,-1,1000,629,657,-1,1000,657,998,-1,998,657,651,-1,998,651,996,-1,996,651,653,-1,996,653,911,-1,911,653,655,-1,911,655,912,-1,912,655,663,-1,912,663,949,-1,949,663,646,-1,949,646,951,-1,951,646,424,-1,1016,1017,1018,-1,1019,1020,1021,-1,798,374,1022,-1,1023,1024,1025,-1,1026,1027,1028,-1,1029,1030,1026,-1,1030,1029,1031,-1,1032,1033,1034,-1,1035,1036,1037,-1,1038,1039,1040,-1,270,804,1041,-1,1039,1042,1040,-1,1040,1042,1043,-1,1040,1043,1041,-1,1041,1043,1044,-1,1041,1044,270,-1,1045,1046,1038,-1,1047,1048,1049,-1,1049,1048,1050,-1,1049,1050,1051,-1,1052,1053,1047,-1,1028,1054,1055,-1,1056,1057,1027,-1,1027,1057,1058,-1,1027,1058,1028,-1,1028,1058,1059,-1,1028,1059,1054,-1,1060,1061,1062,-1,1062,1061,1063,-1,800,1064,801,-1,801,1064,1065,-1,801,1065,802,-1,802,1065,1066,-1,799,1067,1068,-1,1068,1067,1019,-1,1037,1036,1069,-1,1070,1071,1066,-1,1066,1071,803,-1,1066,803,802,-1,1072,1073,1074,-1,1074,1073,1032,-1,1074,1032,1075,-1,1075,1032,1034,-1,1075,1034,1076,-1,1077,1040,1070,-1,1070,1040,1041,-1,1070,1041,1071,-1,1071,1041,804,-1,1071,804,803,-1,1078,1079,1080,-1,1080,1079,1081,-1,1080,1081,1082,-1,1082,1081,1083,-1,1082,1083,1084,-1,1084,1083,1077,-1,1085,1086,1087,-1,1087,1086,1049,-1,1087,1049,1045,-1,1045,1049,1051,-1,1045,1051,1046,-1,1087,1088,1085,-1,1085,1088,1089,-1,1085,1089,1090,-1,1090,1089,1091,-1,1090,1091,1092,-1,1092,1091,1093,-1,1038,1040,1045,-1,1045,1040,1077,-1,1045,1077,1087,-1,1087,1077,1083,-1,1087,1083,1088,-1,1088,1083,1081,-1,1088,1081,1089,-1,1089,1081,1079,-1,1089,1079,1091,-1,1091,1079,1078,-1,1091,1078,1093,-1,1093,1078,1094,-1,1093,1094,1095,-1,1096,1097,1098,-1,1098,1097,1099,-1,1098,1099,1100,-1,1100,1099,1101,-1,1100,1101,1102,-1,1102,1031,1100,-1,1100,1031,1029,-1,1100,1029,1098,-1,1098,1029,1026,-1,1098,1026,1096,-1,1096,1026,1028,-1,1096,1028,1052,-1,1052,1028,1055,-1,1052,1055,1053,-1,1024,1023,1103,-1,1103,1023,1104,-1,1103,1104,1105,-1,1105,1104,1106,-1,1105,1106,1107,-1,1107,1106,1108,-1,1107,1108,1109,-1,1060,1056,1061,-1,1061,1056,1027,-1,1061,1027,1025,-1,1025,1027,1026,-1,1025,1026,1023,-1,1023,1026,1030,-1,1023,1030,1104,-1,1104,1030,1031,-1,1104,1031,1106,-1,1106,1031,1102,-1,1106,1102,1108,-1,1108,1102,1101,-1,799,798,1067,-1,1067,798,1022,-1,1067,1022,1019,-1,1019,1022,1110,-1,1019,1110,1020,-1,1036,1068,1069,-1,1069,1068,1019,-1,1069,1019,1111,-1,1111,1019,1021,-1,1111,1021,1112,-1,1076,1035,1075,-1,1075,1035,1037,-1,1075,1037,1074,-1,1074,1037,1069,-1,1074,1069,1072,-1,1072,1069,1111,-1,1072,1111,1016,-1,1016,1111,1112,-1,1016,1112,1017,-1,1033,1032,1113,-1,1113,1032,1073,-1,1113,1073,1114,-1,1114,1073,1072,-1,1114,1072,1115,-1,1115,1072,1016,-1,1115,1016,1116,-1,1116,1016,1018,-1,1116,1018,1117,-1,1117,1094,1116,-1,1116,1094,1078,-1,1116,1078,1115,-1,1115,1078,1080,-1,1115,1080,1114,-1,1114,1080,1082,-1,1114,1082,1113,-1,1113,1082,1084,-1,1113,1084,1033,-1,1033,1084,1077,-1,1033,1077,1034,-1,1034,1077,1070,-1,1034,1070,1076,-1,1076,1070,1066,-1,1076,1066,1035,-1,1035,1066,1065,-1,1035,1065,1036,-1,1036,1065,1064,-1,1036,1064,1068,-1,1068,1064,800,-1,1068,800,799,-1,1117,1118,1094,-1,1094,1118,1119,-1,1094,1119,1095,-1,1095,1119,1120,-1,1095,1120,1121,-1,1047,1049,1052,-1,1052,1049,1086,-1,1052,1086,1096,-1,1096,1086,1085,-1,1096,1085,1097,-1,1097,1085,1090,-1,1097,1090,1099,-1,1099,1090,1092,-1,1099,1092,1101,-1,1101,1092,1093,-1,1101,1093,1108,-1,1108,1093,1095,-1,1108,1095,1109,-1,1109,1095,1121,-1,1109,1121,1122,-1,1122,518,1109,-1,1109,518,528,-1,1109,528,1107,-1,1107,528,533,-1,1107,533,1105,-1,1105,533,532,-1,1105,532,1103,-1,1103,532,531,-1,1103,531,1024,-1,1024,531,530,-1,1024,530,1025,-1,1025,530,529,-1,1025,529,1061,-1,1061,529,534,-1,1061,534,1063,-1,1063,534,497,-1,951,424,270,-1,951,270,950,-1,950,270,1044,-1,950,1044,948,-1,945,1042,946,-1,946,1042,1039,-1,946,1039,1038,-1,1044,1043,948,-1,948,1043,1042,-1,948,1042,944,-1,944,1042,945,-1,1051,1050,935,-1,935,941,1051,-1,1051,941,943,-1,1051,943,942,-1,1038,1046,946,-1,946,1046,1051,-1,946,1051,947,-1,947,1051,942,-1,1050,1048,935,-1,935,1048,1047,-1,935,1047,936,-1,1059,1058,939,-1,1059,939,1054,-1,936,1047,938,-1,938,1047,1053,-1,938,1053,939,-1,939,1053,1055,-1,939,1055,1054,-1,925,1056,926,-1,926,1056,1060,-1,1058,1057,939,-1,939,1057,1056,-1,939,1056,934,-1,934,1056,925,-1,1063,497,499,-1,932,931,1060,-1,1060,931,930,-1,1060,930,926,-1,932,1060,499,-1,499,1060,1062,-1,499,1062,1063,-1,374,373,1022,-1,1022,373,1015,-1,1022,1015,1110,-1,1110,1015,1014,-1,1110,1014,1020,-1,1020,1014,1021,-1,1021,1014,1013,-1,1021,1013,1112,-1,1112,1013,1012,-1,1112,1012,1017,-1,1017,1012,1011,-1,1017,1011,1018,-1,1123,1118,1117,-1,1018,1011,1117,-1,1117,1011,1010,-1,1117,1010,1123,-1,1118,1123,1119,-1,1119,1123,903,-1,1119,903,1005,-1,907,1121,1005,-1,1005,1121,1120,-1,1005,1120,1119,-1,907,906,1121,-1,1121,906,1003,-1,1121,1003,1122,-1,1122,1003,518,-1,518,1003,909,-1,518,909,519,-1,44,519,16,-1,16,519,908,-1,16,908,958,-1,956,964,16,-1,16,964,928,-1,16,928,499,-1,958,952,16,-1,16,952,954,-1,16,954,956,-1,1124,1125,1126,-1,1127,1128,1129,-1,1130,1131,1132,-1,309,308,1133,-1,1133,1134,309,-1,309,1134,1135,-1,309,1135,314,-1,1136,315,314,-1,1137,318,1136,-1,1136,318,317,-1,1136,317,315,-1,330,322,1138,-1,1138,322,302,-1,1138,302,1137,-1,1137,302,301,-1,1137,301,318,-1,330,1138,331,-1,331,1138,1139,-1,331,1139,329,-1,329,1139,328,-1,328,1139,1140,-1,328,1140,326,-1,337,336,1141,-1,1141,336,339,-1,1141,339,1140,-1,1140,339,338,-1,1140,338,326,-1,346,1142,345,-1,345,1142,299,-1,1143,1144,1145,-1,1145,1146,1143,-1,1143,1146,1147,-1,1143,1147,1148,-1,1149,1150,1151,-1,1151,1150,1152,-1,1151,1152,1153,-1,1154,1155,1149,-1,1149,1155,1156,-1,1149,1156,1150,-1,1130,1157,1158,-1,1158,1157,1159,-1,1132,1131,1160,-1,1160,1131,1161,-1,1160,1161,1162,-1,314,1135,1136,-1,1136,1135,1163,-1,1136,1163,1164,-1,1164,1162,1165,-1,1165,1162,1161,-1,1165,1161,1166,-1,1130,1158,1131,-1,1131,1158,1167,-1,1131,1167,1161,-1,1161,1167,1168,-1,1161,1168,1166,-1,1169,1170,1171,-1,1171,1170,1172,-1,1171,1172,1173,-1,1174,1169,1175,-1,1175,1169,1171,-1,1175,1171,1176,-1,1176,1171,1173,-1,1176,1173,1154,-1,1154,1149,1176,-1,1176,1149,1151,-1,1176,1151,1175,-1,1175,1151,1177,-1,1175,1177,1174,-1,1153,1178,1151,-1,1151,1178,1144,-1,1151,1144,1177,-1,1177,1144,1143,-1,1177,1143,1179,-1,1179,1143,1148,-1,1179,1148,1180,-1,1128,1127,1181,-1,1182,1183,1184,-1,1184,1183,1185,-1,1184,1185,1186,-1,1186,1185,1187,-1,1186,1187,1188,-1,1180,1124,1179,-1,1179,1124,1126,-1,1179,1126,1177,-1,1177,1126,1189,-1,1177,1189,1174,-1,1174,1189,1190,-1,1174,1190,1169,-1,1169,1190,1191,-1,1169,1191,1170,-1,1188,1192,1186,-1,1186,1192,1193,-1,1186,1193,1184,-1,1184,1193,1194,-1,1184,1194,1182,-1,1182,1195,1183,-1,1183,1195,1196,-1,1183,1196,1185,-1,1185,1196,1181,-1,1185,1181,1187,-1,1187,1181,1127,-1,1187,1127,1188,-1,1164,1165,1136,-1,1136,1165,1166,-1,1136,1166,1137,-1,1137,1166,1129,-1,1137,1129,1138,-1,1138,1129,1128,-1,1138,1128,1139,-1,1139,1128,1181,-1,1139,1181,1140,-1,1140,1181,1196,-1,1140,1196,1141,-1,1180,1197,1124,-1,1124,1197,1198,-1,1124,1198,1125,-1,1125,1198,1199,-1,1125,1199,1200,-1,1200,1199,1201,-1,1200,1201,1202,-1,1202,1201,1203,-1,1202,1203,1204,-1,1204,1203,1205,-1,1204,1205,1206,-1,346,337,1142,-1,1142,337,1141,-1,1142,1141,1206,-1,1206,1141,1196,-1,1206,1196,1204,-1,1204,1196,1195,-1,1204,1195,1202,-1,1202,1195,1182,-1,1202,1182,1200,-1,1200,1182,1194,-1,1200,1194,1125,-1,1125,1194,1193,-1,1125,1193,1126,-1,1126,1193,1192,-1,1126,1192,1189,-1,1189,1192,1188,-1,1189,1188,1190,-1,1190,1188,1127,-1,1190,1127,1191,-1,1191,1127,1129,-1,1191,1129,1170,-1,1170,1129,1166,-1,1170,1166,1172,-1,1172,1166,1168,-1,1172,1168,1173,-1,1173,1168,1167,-1,1173,1167,1154,-1,1154,1167,1158,-1,1154,1158,1155,-1,1155,1158,1159,-1,268,299,818,-1,818,299,1142,-1,818,1142,853,-1,853,1142,1206,-1,853,1206,845,-1,845,1206,1205,-1,845,1205,846,-1,846,1205,1203,-1,846,1203,851,-1,851,1203,1201,-1,851,1201,850,-1,850,1201,1199,-1,850,1199,849,-1,849,1199,1198,-1,849,1198,848,-1,848,1198,1197,-1,1207,1208,1209,-1,1210,1211,1212,-1,1213,1214,1212,-1,1215,1216,1217,-1,618,1218,300,-1,300,1218,343,-1,343,1218,344,-1,344,1218,1219,-1,344,1219,335,-1,327,340,1220,-1,1220,340,341,-1,1220,341,1219,-1,1219,341,342,-1,1219,342,335,-1,1221,333,1220,-1,1220,333,334,-1,1220,334,327,-1,1222,323,1221,-1,1221,323,332,-1,1221,332,333,-1,1223,325,1222,-1,1222,325,324,-1,1222,324,323,-1,1224,320,1223,-1,1223,320,319,-1,1223,319,325,-1,1225,311,1224,-1,1224,311,310,-1,1224,310,316,-1,316,303,1224,-1,1224,303,321,-1,1224,321,320,-1,1226,1227,1228,-1,1228,1227,1229,-1,1230,1231,1232,-1,1232,1231,1233,-1,1211,1234,1212,-1,1212,1234,1235,-1,1212,1235,1213,-1,1213,1235,1236,-1,1213,1236,1232,-1,1232,1236,1237,-1,1232,1237,1230,-1,1207,1209,1238,-1,1238,1209,1239,-1,1238,1239,1240,-1,1240,1239,1241,-1,1240,1241,1242,-1,1242,1241,1243,-1,1243,1241,1244,-1,1243,1244,1245,-1,620,621,1246,-1,625,1245,624,-1,624,1245,1244,-1,624,1244,623,-1,622,623,1247,-1,619,620,1248,-1,1249,1250,1247,-1,1247,1250,1251,-1,1247,1251,622,-1,1252,1253,1248,-1,1248,1253,1254,-1,1248,1254,619,-1,1255,1256,1249,-1,1249,1256,1257,-1,1249,1257,1250,-1,1252,1258,1253,-1,1253,1258,1259,-1,1253,1259,1260,-1,1259,1261,1260,-1,1260,1261,1262,-1,1260,1262,1263,-1,623,1244,1247,-1,1247,1244,1241,-1,1247,1241,1249,-1,1249,1241,1239,-1,1249,1239,1255,-1,1255,1239,1209,-1,1255,1209,1264,-1,1264,1209,1208,-1,1264,1208,1265,-1,1266,1267,1265,-1,1265,1267,1268,-1,1265,1268,1264,-1,1264,1268,1269,-1,1264,1269,1255,-1,1255,1269,1270,-1,1255,1270,1256,-1,1214,1266,1212,-1,1212,1266,1265,-1,1212,1265,1210,-1,1210,1265,1208,-1,1210,1208,1271,-1,1271,1208,1207,-1,1262,1272,1263,-1,1263,1272,1273,-1,1263,1273,1274,-1,1274,1273,1275,-1,1276,1277,1233,-1,1233,1277,1278,-1,1233,1278,1232,-1,1232,1278,1279,-1,1232,1279,1213,-1,1213,1279,1280,-1,1213,1280,1214,-1,1214,1280,1281,-1,1214,1281,1266,-1,1266,1281,1282,-1,1266,1282,1267,-1,1267,1282,1283,-1,1267,1283,1268,-1,1268,1283,1284,-1,1268,1284,1269,-1,1269,1284,1285,-1,1269,1285,1270,-1,1270,1285,1286,-1,1270,1286,1256,-1,1256,1286,1287,-1,1256,1287,1257,-1,1257,1287,1288,-1,1257,1288,1250,-1,1250,1288,1246,-1,1250,1246,1251,-1,1251,1246,621,-1,1251,621,622,-1,1273,1289,1275,-1,1275,1289,1290,-1,1275,1290,1291,-1,1216,1226,1217,-1,1217,1226,1228,-1,1217,1228,1292,-1,1292,1228,1291,-1,1292,1291,1293,-1,1293,1291,1290,-1,620,1246,1248,-1,1248,1246,1288,-1,1248,1288,1252,-1,1252,1288,1287,-1,1252,1287,1258,-1,1258,1287,1286,-1,1258,1286,1259,-1,1259,1286,1285,-1,1259,1285,1261,-1,1261,1285,1284,-1,1261,1284,1262,-1,1262,1284,1283,-1,1262,1283,1272,-1,1272,1283,1282,-1,1272,1282,1273,-1,1273,1282,1281,-1,1273,1281,1289,-1,1289,1281,1280,-1,1289,1280,1290,-1,1290,1280,1279,-1,1290,1279,1293,-1,1293,1279,1278,-1,1293,1278,1292,-1,1292,1278,1277,-1,1292,1277,1217,-1,1217,1277,1276,-1,1217,1276,1215,-1,313,311,1229,-1,1229,311,1225,-1,1229,1225,1228,-1,1228,1225,1224,-1,1228,1224,1291,-1,1291,1224,1223,-1,1291,1223,1275,-1,1275,1223,1222,-1,1275,1222,1274,-1,1274,1222,1221,-1,1274,1221,1263,-1,1263,1221,1220,-1,1263,1220,1260,-1,1260,1220,1219,-1,1260,1219,1253,-1,1253,1219,1218,-1,1253,1218,1254,-1,1254,1218,618,-1,1254,618,619,-1,1294,305,1295,-1,1295,305,304,-1,369,368,1296,-1,1296,368,1297,-1,44,16,42,-1,42,16,19,-1,42,19,40,-1,40,19,21,-1,40,21,38,-1,31,32,29,-1,29,32,34,-1,29,34,27,-1,27,34,36,-1,27,36,25,-1,25,36,38,-1,25,38,23,-1,23,38,21,-1,1298,1299,1300,-1,1300,1299,1301,-1,1300,1301,1302,-1,492,517,1303,-1,1303,517,1304,-1,1303,1304,1305,-1,1305,1304,1306,-1,1305,1306,1307,-1,1307,1306,1308,-1,1307,1308,1309,-1,1309,1308,1302,-1,1309,1302,1310,-1,1310,1302,1301,-1,493,492,1303,-1,493,1303,1311,-1,1311,1303,1305,-1,1311,1305,1312,-1,1312,1305,1307,-1,1312,1307,1313,-1,1313,1307,1309,-1,1313,1309,1314,-1,1314,1309,1310,-1,1314,1310,1315,-1,1315,1310,1301,-1,1315,1301,1316,-1,1316,1301,1299,-1,1316,1299,1317,-1,1318,1298,1319,-1,1319,1298,1300,-1,1319,1300,1320,-1,1320,1300,1302,-1,1320,1302,1321,-1,1321,1302,1308,-1,1321,1308,1322,-1,1322,1308,1306,-1,1322,1306,1323,-1,1323,1306,1304,-1,1323,1304,523,-1,523,1304,517,-1,1324,1325,1298,-1,1298,1325,1299,-1,205,203,31,-1,31,203,32,-1,1317,1299,1326,-1,1326,1299,1325,-1,1326,1325,1327,-1,1327,1325,1328,-1,1327,1328,1329,-1,1329,1328,1330,-1,1329,1330,1331,-1,1331,1330,1332,-1,1331,1332,1333,-1,1333,1332,204,-1,1333,204,1334,-1,1334,204,205,-1,1334,205,30,-1,30,205,31,-1,33,32,1335,-1,1335,32,203,-1,1335,203,1336,-1,1336,203,202,-1,1336,202,1337,-1,1337,202,1338,-1,1337,1338,1339,-1,1339,1338,1340,-1,1339,1340,1341,-1,1341,1340,1342,-1,1341,1342,1343,-1,1343,1342,1324,-1,1343,1324,1318,-1,1318,1324,1298,-1,1328,1325,1342,-1,1342,1325,1324,-1,514,511,507,-1,507,511,506,-1,505,506,510,-1,510,506,511,-1,522,524,494,-1,494,524,495,-1,496,495,525,-1,525,495,524,-1,504,503,520,-1,520,503,521,-1,516,502,527,-1,527,502,501,-1,514,507,512,-1,512,507,508,-1,527,501,1344,-1,1344,501,1345,-1,1344,1345,1346,-1,1346,1345,1347,-1,1346,1347,1348,-1,1348,1347,1349,-1,1348,1349,1350,-1,1350,1349,1351,-1,1350,1351,1352,-1,1352,1351,1353,-1,1352,1353,1354,-1,1354,1353,1355,-1,1356,1357,1358,-1,1358,1357,1359,-1,1358,1359,1360,-1,1360,1359,1361,-1,1360,1361,1362,-1,1362,1361,1363,-1,1362,1363,1364,-1,1364,1363,1365,-1,1364,1365,1366,-1,1366,1365,1367,-1,1366,1367,526,-1,526,1367,500,-1,501,500,1367,-1,501,1367,1345,-1,1345,1367,1365,-1,1345,1365,1347,-1,1347,1365,1363,-1,1347,1363,1349,-1,1349,1363,1361,-1,1349,1361,1351,-1,1351,1361,1359,-1,1351,1359,1353,-1,1353,1359,1357,-1,1353,1357,1355,-1,1354,1356,1352,-1,1352,1356,1358,-1,1352,1358,1350,-1,1350,1358,1360,-1,1350,1360,1348,-1,1348,1360,1362,-1,1348,1362,1346,-1,1346,1362,1364,-1,1346,1364,1344,-1,1344,1364,1366,-1,1344,1366,527,-1,527,1366,526,-1,1368,1369,1356,-1,1356,1369,1357,-1,1370,1371,1355,-1,1355,1371,1354,-1,1369,1370,1357,-1,1357,1370,1355,-1,1354,1371,1356,-1,1356,1371,1368,-1,1370,1369,1371,-1,1371,1369,1368,-1,512,508,1372,-1,1372,508,1373,-1,1372,1373,1374,-1,1374,1373,1375,-1,1374,1375,1376,-1,1376,1375,1377,-1,1376,1377,1378,-1,1378,1377,1379,-1,1378,1379,1380,-1,1380,1379,1381,-1,1380,1381,1382,-1,1382,1381,1383,-1,1384,1385,1386,-1,1386,1385,1387,-1,1386,1387,1388,-1,1388,1387,1389,-1,1388,1389,1390,-1,1390,1389,1391,-1,1390,1391,1392,-1,1392,1391,1393,-1,1392,1393,1394,-1,1394,1393,1395,-1,1394,1395,513,-1,513,1395,509,-1,508,509,1395,-1,508,1395,1373,-1,1373,1395,1393,-1,1373,1393,1375,-1,1375,1393,1391,-1,1375,1391,1377,-1,1377,1391,1389,-1,1377,1389,1379,-1,1379,1389,1387,-1,1379,1387,1381,-1,1381,1387,1385,-1,1381,1385,1383,-1,1382,1384,1380,-1,1380,1384,1386,-1,1380,1386,1378,-1,1378,1386,1388,-1,1378,1388,1376,-1,1376,1388,1390,-1,1376,1390,1374,-1,1374,1390,1392,-1,1374,1392,1372,-1,1372,1392,1394,-1,1372,1394,512,-1,512,1394,513,-1,1396,1397,1384,-1,1384,1397,1385,-1,1398,1399,1383,-1,1383,1399,1382,-1,1397,1398,1385,-1,1385,1398,1383,-1,1382,1399,1384,-1,1384,1399,1396,-1,1398,1397,1399,-1,1399,1397,1396,-1,1,0,1400,-1,1400,0,1401,-1,1400,1401,1402,-1,1402,1401,1403,-1,1402,1403,1404,-1,1404,1403,1405,-1,1404,1405,1406,-1,1406,1405,1407,-1,1406,1407,1408,-1,1408,1407,1409,-1,1408,1409,1297,-1,1297,1409,1294,-1,1297,1294,1296,-1,1296,1294,1295,-1,1296,1295,1410,-1,1410,1295,1411,-1,1410,1411,1412,-1,1412,1411,1413,-1,1412,1413,1414,-1,1414,1413,1415,-1,1414,1415,1416,-1,1416,1415,1417,-1,1416,1417,1418,-1,1418,1417,1419,-1,1418,1419,8,-1,8,1419,9,-1,168,167,129,-1,129,167,131,-1,135,131,194,-1,194,131,167,-1,52,47,90,-1,90,47,46,-1,50,52,88,-1,88,52,90,-1,51,50,87,-1,87,50,88,-1,380,461,464,-1,1420,207,380,-1,380,207,458,-1,380,458,457,-1,457,456,380,-1,380,456,455,-1,380,455,461,-1,450,381,451,-1,451,381,380,-1,451,380,467,-1,467,380,464,-1,1421,221,1420,-1,1420,221,209,-1,1420,209,207,-1,1422,223,1421,-1,1421,223,222,-1,1421,222,221,-1,1423,224,1422,-1,1422,224,218,-1,1422,218,223,-1,1424,226,1423,-1,1423,226,225,-1,1423,225,224,-1,232,231,279,-1,293,295,232,-1,295,297,232,-1,232,297,215,-1,232,215,1424,-1,1424,215,214,-1,1424,214,226,-1,279,281,232,-1,232,281,283,-1,232,283,286,-1,286,289,232,-1,232,289,291,-1,232,291,293,-1,1425,1426,232,-1,380,1427,1428,-1,1426,1429,232,-1,232,1429,1430,-1,232,1430,242,-1,242,1430,1431,-1,242,1431,901,-1,716,1432,388,-1,388,1432,1433,-1,388,1433,380,-1,380,1433,1434,-1,380,1434,1427,-1,1435,1436,380,-1,232,1437,1438,-1,1436,1439,380,-1,380,1439,1440,-1,380,1440,1420,-1,1424,1441,232,-1,232,1441,1442,-1,232,1442,1437,-1,1438,1443,232,-1,232,1443,1444,-1,232,1444,1425,-1,1428,1445,380,-1,380,1445,1446,-1,380,1446,1435,-1,1424,1423,1441,-1,1441,1423,1422,-1,1441,1422,1440,-1,1440,1422,1421,-1,1440,1421,1420,-1,900,901,1447,-1,1447,901,1431,-1,1448,1449,383,-1,229,1450,1451,-1,1449,1452,383,-1,383,1452,1453,-1,383,1453,387,-1,387,1453,1454,-1,387,1454,715,-1,900,1447,243,-1,243,1447,1455,-1,243,1455,229,-1,229,1455,1456,-1,229,1456,1450,-1,1451,1457,229,-1,229,1457,1458,-1,229,1458,1459,-1,1459,1460,229,-1,229,1460,1461,-1,229,1461,1462,-1,1463,1464,383,-1,383,1464,1465,-1,1465,1466,383,-1,383,1466,1467,-1,383,1467,1448,-1,1463,383,1468,-1,1468,383,1469,-1,1468,1469,1470,-1,1470,1471,1468,-1,1468,1471,1472,-1,1468,1472,1462,-1,1462,1472,1473,-1,1462,1473,229,-1,436,434,383,-1,436,383,442,-1,434,439,383,-1,383,439,432,-1,383,432,430,-1,55,91,56,-1,56,91,111,-1,56,111,383,-1,383,111,445,-1,383,445,442,-1,477,479,229,-1,1473,375,229,-1,229,375,485,-1,229,485,487,-1,487,489,229,-1,229,489,482,-1,229,482,477,-1,172,132,173,-1,173,132,154,-1,173,154,471,-1,471,154,229,-1,471,229,474,-1,474,229,479,-1,430,429,383,-1,383,429,372,-1,383,372,1469,-1,1469,372,371,-1,1469,371,1470,-1,1470,371,379,-1,1470,379,1471,-1,1471,379,378,-1,1471,378,1472,-1,1472,378,377,-1,1472,377,1473,-1,1473,377,376,-1,1473,376,375,-1,132,172,130,-1,130,172,170,-1,129,128,168,-1,168,128,169,-1,130,170,128,-1,128,170,169,-1,716,715,1432,-1,1432,715,1454,-1,53,89,55,-1,55,89,91,-1,51,87,53,-1,53,87,89,-1,1431,1430,1447,-1,1447,1430,1455,-1,1441,1462,1461,-1,1441,1461,1442,-1,1442,1461,1460,-1,1442,1460,1437,-1,1437,1460,1459,-1,1437,1459,1438,-1,1438,1459,1458,-1,1438,1458,1443,-1,1443,1458,1457,-1,1443,1457,1444,-1,1444,1457,1451,-1,1444,1451,1425,-1,1425,1451,1450,-1,1425,1450,1426,-1,1426,1450,1456,-1,1426,1456,1429,-1,1429,1456,1455,-1,1429,1455,1430,-1,1433,1432,1453,-1,1453,1432,1454,-1,1448,1427,1449,-1,1449,1427,1434,-1,1449,1434,1452,-1,1452,1434,1433,-1,1452,1433,1453,-1,1468,1440,1463,-1,1463,1440,1439,-1,1463,1439,1464,-1,1464,1439,1436,-1,1464,1436,1465,-1,1465,1436,1435,-1,1465,1435,1466,-1,1466,1435,1446,-1,1466,1446,1467,-1,1467,1446,1445,-1,1467,1445,1448,-1,1448,1445,1428,-1,1448,1428,1427,-1,1462,1441,1468,-1,1468,1441,1440,-1,1235,313,1236,-1,1236,313,1237,-1,1230,1237,1231,-1,1231,1237,313,-1,1231,313,1233,-1,1233,313,1229,-1,1233,1229,1227,-1,1215,1276,1216,-1,1216,1276,1233,-1,1216,1233,1226,-1,1226,1233,1227,-1,1235,1234,313,-1,313,1234,1211,-1,313,1211,1210,-1,1210,1271,313,-1,313,1271,1207,-1,313,1207,1238,-1,1238,1240,313,-1,313,1240,1242,-1,313,1242,1243,-1,1243,1245,313,-1,313,1245,625,-1,313,625,607,-1,607,590,313,-1,313,590,558,-1,313,558,557,-1,556,555,557,-1,557,555,554,-1,557,554,313,-1,554,588,313,-1,313,588,563,-1,313,563,562,-1,562,560,313,-1,313,560,566,-1,313,566,565,-1,565,569,313,-1,313,569,567,-1,313,567,541,-1,541,543,313,-1,313,543,570,-1,313,570,572,-1,572,574,313,-1,313,574,573,-1,313,573,546,-1,546,545,313,-1,313,545,544,-1,313,544,390,-1,382,1474,390,-1,390,1474,1475,-1,390,1475,313,-1,313,1475,1476,-1,313,1476,1477,-1,1477,1478,313,-1,313,1478,1479,-1,313,1479,1480,-1,1480,1481,313,-1,313,1481,1482,-1,313,1482,312,-1,312,1482,306,-1,361,1296,354,-1,354,1296,1410,-1,354,1410,355,-1,361,366,1296,-1,1296,366,370,-1,1296,370,369,-1,1412,350,1410,-1,1410,350,347,-1,1410,347,360,-1,360,359,1410,-1,1410,359,357,-1,1410,357,355,-1,1414,210,1412,-1,1412,210,351,-1,1412,351,350,-1,453,452,1416,-1,1416,452,206,-1,1416,206,1414,-1,1414,206,208,-1,1414,208,210,-1,459,454,1483,-1,1483,454,453,-1,453,1416,1483,-1,1483,1416,460,-1,1483,460,459,-1,468,1484,469,-1,469,1484,1418,-1,469,1418,449,-1,449,1418,8,-1,449,8,450,-1,468,466,1484,-1,1484,466,465,-1,1484,465,1418,-1,1418,465,463,-1,1418,463,1416,-1,1416,463,462,-1,1416,462,460,-1,382,381,1474,-1,450,8,381,-1,381,8,9,-1,381,9,1419,-1,1474,381,1475,-1,1475,381,1476,-1,381,1419,1476,-1,1476,1419,1417,-1,1476,1417,1477,-1,1477,1417,1415,-1,1477,1415,1478,-1,1478,1415,1413,-1,1478,1413,1479,-1,1479,1413,1411,-1,1479,1411,1480,-1,1411,1295,304,-1,1480,1411,1481,-1,1481,1411,304,-1,1481,304,1482,-1,304,306,1482,-1,834,234,835,-1,835,234,836,-1,829,836,830,-1,830,836,234,-1,830,234,832,-1,832,234,828,-1,832,828,826,-1,826,825,832,-1,832,825,814,-1,832,814,882,-1,882,814,813,-1,834,833,234,-1,234,833,809,-1,234,809,808,-1,808,877,234,-1,234,877,805,-1,234,805,837,-1,837,839,234,-1,234,839,841,-1,234,841,842,-1,842,844,234,-1,234,844,848,-1,234,848,1197,-1,1197,1180,234,-1,234,1180,1148,-1,234,1148,1147,-1,1146,1145,1147,-1,1147,1145,1144,-1,1147,1144,234,-1,1144,1178,234,-1,234,1178,1153,-1,234,1153,1152,-1,1152,1150,234,-1,234,1150,1156,-1,234,1156,1155,-1,1155,1159,234,-1,234,1159,1157,-1,234,1157,1130,-1,1130,1132,234,-1,234,1132,1160,-1,234,1160,1162,-1,1162,1164,234,-1,234,1164,1163,-1,234,1163,1135,-1,1135,1134,234,-1,234,1134,1133,-1,234,1133,308,-1,307,1485,308,-1,308,1485,1486,-1,308,1486,234,-1,234,1486,1487,-1,234,1487,1488,-1,1488,1489,234,-1,234,1489,1490,-1,234,1490,1491,-1,1491,1492,234,-1,234,1492,1493,-1,234,1493,235,-1,235,1493,230,-1,1406,358,1494,-1,1494,358,349,-1,1494,349,348,-1,348,353,1494,-1,1494,353,352,-1,1494,352,1406,-1,1406,352,212,-1,1406,212,1404,-1,365,364,1408,-1,365,1408,367,-1,367,1408,1297,-1,367,1297,368,-1,364,363,1408,-1,1408,363,362,-1,1408,362,1406,-1,1406,362,356,-1,1406,356,358,-1,1400,287,1,-1,1,287,285,-1,1,285,284,-1,284,282,1,-1,1,282,280,-1,1,280,279,-1,294,292,1400,-1,292,290,1400,-1,1400,290,288,-1,1400,288,287,-1,212,217,1404,-1,1404,217,216,-1,1404,216,1402,-1,1402,216,298,-1,1402,298,1400,-1,1400,298,296,-1,1400,296,294,-1,230,1493,231,-1,305,1485,307,-1,305,1294,1409,-1,1485,305,1486,-1,1486,305,1487,-1,305,1409,1487,-1,1487,1409,1407,-1,1487,1407,1488,-1,1488,1407,1405,-1,1488,1405,1489,-1,1489,1405,1403,-1,1489,1403,1490,-1,1490,1403,1401,-1,1490,1401,1491,-1,1401,0,1491,-1,1491,0,231,-1,1491,231,1492,-1,1492,231,1493,-1,0,1,231,-1,231,1,279,-1,1332,1338,204,-1,204,1338,202,-1,1340,1330,1342,-1,1342,1330,1328,-1,1340,1338,1330,-1,1330,1338,1332,-1,127,164,126,-1,126,164,176,-1,158,189,152,-1,152,189,197,-1,152,197,150,-1,150,197,166,-1,150,166,151,-1,151,166,165,-1,151,165,155,-1,155,165,188,-1,155,188,156,-1,156,188,187,-1,156,187,157,-1,157,187,186,-1,157,186,159,-1,159,186,178,-1,159,178,160,-1,160,178,177,-1,160,177,161,-1,161,177,185,-1,161,185,162,-1,162,185,184,-1,162,184,163,-1,163,184,183,-1,163,183,164,-1,164,183,176,-1,158,141,189,-1,189,141,190,-1,140,139,191,-1,191,139,198,-1,137,195,138,-1,138,195,193,-1,138,193,142,-1,142,193,192,-1,142,192,143,-1,143,192,175,-1,143,175,133,-1,133,175,174,-1,133,174,134,-1,134,174,201,-1,134,201,145,-1,145,201,200,-1,145,200,146,-1,146,200,199,-1,146,199,147,-1,147,199,182,-1,147,182,148,-1,148,182,181,-1,148,181,149,-1,149,181,180,-1,149,180,144,-1,144,180,179,-1,144,179,139,-1,139,179,198,-1,137,136,195,-1,195,136,196,-1,49,78,48,-1,48,78,94,-1,86,96,71,-1,71,96,101,-1,71,101,72,-1,72,101,106,-1,72,106,74,-1,74,106,105,-1,74,105,75,-1,75,105,104,-1,75,104,82,-1,82,104,103,-1,82,103,83,-1,83,103,102,-1,83,102,84,-1,84,102,93,-1,84,93,62,-1,62,93,92,-1,62,92,63,-1,63,92,100,-1,63,100,76,-1,76,100,99,-1,76,99,77,-1,77,99,95,-1,77,95,78,-1,78,95,94,-1,86,81,96,-1,96,81,97,-1,80,79,98,-1,98,79,107,-1,59,119,64,-1,64,119,118,-1,64,118,65,-1,65,118,117,-1,65,117,66,-1,66,117,123,-1,66,123,60,-1,60,123,122,-1,60,122,61,-1,61,122,121,-1,61,121,67,-1,67,121,114,-1,67,114,68,-1,68,114,113,-1,68,113,69,-1,69,113,112,-1,69,112,70,-1,70,112,116,-1,70,116,73,-1,73,116,115,-1,73,115,85,-1,85,115,108,-1,85,108,79,-1,79,108,107,-1,59,58,119,-1,119,58,120,-1,140,191,1495,-1,1495,191,1496,-1,1495,1496,1497,-1,1497,1496,1498,-1,1497,1498,1499,-1,1499,1498,1500,-1,1499,1500,1501,-1,1501,1500,1502,-1,1501,1502,1503,-1,1503,1502,1504,-1,1503,1504,1505,-1,1505,1504,1506,-1,1507,1508,1509,-1,1509,1508,1510,-1,1509,1510,1511,-1,1511,1510,1512,-1,1511,1512,1513,-1,1513,1512,1514,-1,1513,1514,1515,-1,1515,1514,1516,-1,1515,1516,1517,-1,1517,1516,1518,-1,1517,1518,141,-1,141,1518,190,-1,191,190,1518,-1,191,1518,1496,-1,1496,1518,1516,-1,1496,1516,1498,-1,1498,1516,1514,-1,1498,1514,1500,-1,1500,1514,1512,-1,1500,1512,1502,-1,1502,1512,1510,-1,1502,1510,1504,-1,1504,1510,1508,-1,1504,1508,1506,-1,1505,1507,1503,-1,1503,1507,1509,-1,1503,1509,1501,-1,1501,1509,1511,-1,1501,1511,1499,-1,1499,1511,1513,-1,1499,1513,1497,-1,1497,1513,1515,-1,1497,1515,1495,-1,1495,1515,1517,-1,1495,1517,140,-1,140,1517,141,-1,1519,1520,1507,-1,1507,1520,1508,-1,1521,1522,1506,-1,1506,1522,1505,-1,1520,1521,1508,-1,1508,1521,1506,-1,1505,1522,1507,-1,1507,1522,1519,-1,1521,1520,1522,-1,1522,1520,1519,-1,80,98,1523,-1,1523,98,1524,-1,1523,1524,1525,-1,1525,1524,1526,-1,1525,1526,1527,-1,1527,1526,1528,-1,1527,1528,1529,-1,1529,1528,1530,-1,1529,1530,1531,-1,1531,1530,1532,-1,1531,1532,1533,-1,1533,1532,1534,-1,1535,1536,1537,-1,1537,1536,1538,-1,1537,1538,1539,-1,1539,1538,1540,-1,1539,1540,1541,-1,1541,1540,1542,-1,1541,1542,1543,-1,1543,1542,1544,-1,1543,1544,1545,-1,1545,1544,1546,-1,1545,1546,81,-1,81,1546,97,-1,98,97,1546,-1,98,1546,1524,-1,1524,1546,1544,-1,1524,1544,1526,-1,1526,1544,1542,-1,1526,1542,1528,-1,1528,1542,1540,-1,1528,1540,1530,-1,1530,1540,1538,-1,1530,1538,1532,-1,1532,1538,1536,-1,1532,1536,1534,-1,1533,1535,1531,-1,1531,1535,1537,-1,1531,1537,1529,-1,1529,1537,1539,-1,1529,1539,1527,-1,1527,1539,1541,-1,1527,1541,1525,-1,1525,1541,1543,-1,1525,1543,1523,-1,1523,1543,1545,-1,1523,1545,80,-1,80,1545,81,-1,1547,1548,1535,-1,1535,1548,1536,-1,1549,1550,1534,-1,1534,1550,1533,-1,1548,1549,1536,-1,1536,1549,1534,-1,1533,1550,1535,-1,1535,1550,1547,-1,1549,1548,1550,-1,1550,1548,1547,-1,1335,1334,33,-1,33,1334,30,-1,33,30,35,-1,35,30,28,-1,35,28,37,-1,505,510,17,-1,17,510,45,-1,17,45,18,-1,18,45,43,-1,18,43,20,-1,20,43,41,-1,20,41,22,-1,22,41,39,-1,22,39,24,-1,24,39,37,-1,24,37,26,-1,26,37,28,-1,1333,1334,1336,-1,1336,1334,1335,-1,1331,1333,1337,-1,1337,1333,1336,-1,1329,1331,1339,-1,1339,1331,1337,-1,1327,1329,1341,-1,1341,1329,1339,-1,1326,1327,1343,-1,1343,1327,1341,-1,522,494,523,-1,523,494,493,-1,523,493,1323,-1,1323,493,1311,-1,1323,1311,1322,-1,1322,1311,1312,-1,1322,1312,1321,-1,1326,1343,1317,-1,1317,1343,1318,-1,1317,1318,1316,-1,1316,1318,1319,-1,1316,1319,1315,-1,1315,1319,1320,-1,1315,1320,1314,-1,1314,1320,1321,-1,1314,1321,1313,-1,1313,1321,1312,-1,
        ]
    }
}
Shape{
    appearance Appearance {
        material  Material 	{
            diffuseColor 0.25098039215686274 0.25098039215686274 0.25098039215686274
            specularColor 0.12549019607843137 0.12549019607843137 0.12549019607843137
            ambientIntensity 0.2
            transparency 0
            shininess 0.5
        }
    }
    geometry IndexedFaceSet {
        ccw TRUE
        solid FALSE
        coord DEF co Coordinate {
            point [
                -0.7714 1.371 -4.626, -0.9251 0.9773 -4.626, -1.3513 0.9749 -4.626, 0.1024 0.3101 -4.626, -0.1857 0.3101 -4.626, -0.1857 0.9749 -4.626, -2.8297 -2.4311 -4.626, -2.937 -2.4311 -4.626, -2.937 -1.9035 -4.626, -0.1857 -0.7599 -4.626, -0.5554 -0.7599 -4.626, -0.5554 0.3101 -4.626, 0.1853 1.3264 -4.626, 0.233 1.3326 -4.626, 0.2525 1.327 -4.626, 0.1024 0.9749 -4.626, 0.1408 1.3074 -4.626, 0.1408 1.041 -4.626, 0.1408 0.9977 -4.626, 0.1934 0.9781 -4.626, 0.2252 0.9749 -4.626, 0.4505 0.3101 -4.626, 0.2583 0.9749 -4.626, 0.4505 0.9749 -4.626, 0.2804 0.9807 -4.626, 0.3547 1.0078 -4.626, 0.1895 1.0215 -4.626, 0.2419 1.0157 -4.626, 0.3832 1.0272 -4.626, 0.4003 1.0464 -4.626, 0.4134 1.0716 -4.626, 0.3409 1.2857 -4.626, 0.3548 1.2696 -4.626, 0.2859 1.026 -4.626, 0.3654 1.2487 -4.626, 0.3739 1.2182 -4.626, 0.3809 1.17 -4.626, 0.3716 1.1222 -4.626, 0.3136 1.0363 -4.626, 0.4243 1.1084 -4.626, 0.4337 1.1668 -4.626, 0.4505 3.0807 -4.626, 0.4288 1.1892 -4.626, 0.4014 1.2795 -4.626, 0.3815 1.3127 -4.626, 0.3615 1.3326 -4.626, 0.3351 1.3484 -4.626, 0.2959 1.3623 -4.626, 0.2335 1.3758 -4.626, 0.1024 3.0807 -4.626, 0.1863 1.3726 -4.626, 0.1408 1.3602 -4.626, 0.3172 1.3023 -4.626, 0.3577 1.0808 -4.626, 0.3444 1.0597 -4.626, 0.3323 1.0477 -4.626, 1.2232 0.3101 -4.626, 1.2232 -0.8642 -4.626, 0.9044 -0.7599 -4.626, 0.9044 -0.8642 -4.626, 0.9044 -1.5413 -4.626, 1.2232 -1.5413 -4.626, 1.2402 -1.5413 -4.626, 1.9389 -1.2706 -4.626, 2.0545 -1.3372 -4.626, 1.2402 -1.9035 -4.626, 2.1833 -1.3716 -4.626, 1.8445 -1.1764 -4.626, 1.7776 -1.061 -4.626, 2.7224 -1.061 -4.626, 2.937 -0.8642 -4.626, 2.937 -1.9035 -4.626, 2.3167 -1.3716 -4.626, 2.4455 -1.3372 -4.626, 2.5611 -1.2706 -4.626, 2.6555 -1.1764 -4.626, 2.937 -2.4311 -4.626, 1.2402 -2.4311 -4.626, -1.2402 -1.9035 -4.626, -1.3513 -1.9035 -4.626, -1.2402 -1.5413 -4.626, -1.3513 -0.8642 -4.626, -0.9044 -1.5413 -4.626, -0.9044 -0.8642 -4.626, -0.9044 -0.7599 -4.626, -1.3513 0.3101 -4.626, 0.1024 -0.7599 -4.626, 0.4505 -0.7599 -4.626, -2.8297 -1.9035 -4.626, -1.3513 -2.4311 -4.626, -1.2402 -2.4311 -4.626, -2.5611 -1.2706 -4.626, -2.4455 -1.3372 -4.626, -2.3167 -1.3716 -4.626, -2.1833 -1.3716 -4.626, -2.0545 -1.3372 -4.626, -1.9389 -1.2706 -4.626, -1.8445 -1.1764 -4.626, -1.7776 -1.061 -4.626, -2.8297 -0.8642 -4.626, -2.7224 -1.061 -4.626, -2.6555 -1.1764 -4.626, 2.3167 -0.3567 -4.626, 2.1833 -0.3567 -4.626, 2.6555 -0.5519 -4.626, 2.937 0.3101 -4.626, 2.7224 -0.6673 -4.626, 1.7776 -0.6673 -4.626, 1.8445 -0.5519 -4.626, 2.5611 -0.4578 -4.626, 2.4455 -0.3912 -4.626, 2.0545 -0.3912 -4.626, 1.9389 -0.4578 -4.626, -2.5611 -0.4578 -4.626, -2.6555 -0.5519 -4.626, -2.8297 0.3101 -4.626, -2.7224 -0.6673 -4.626, -1.9389 -0.4578 -4.626, -2.0545 -0.3912 -4.626, -2.1833 -0.3567 -4.626, -1.7776 -0.6673 -4.626, -1.8445 -0.5519 -4.626, -2.3167 -0.3567 -4.626, -2.4455 -0.3912 -4.626, 0.2491 0.9725 -4.626, -2.8297 0.9749 -4.626, 1.2232 0.9749 -4.626, 1.2232 3.0807 -4.626, 1.5 3.0807 -4.626, 2.937 0.9749 -4.626, 2.937 3.0807 -4.626, 0.6161 1.371 -4.626, 0.6161 1.0205 -4.626, 0.4673 1.0205 -4.626, 0.6689 0.9773 -4.626, 0.6689 1.371 -4.626, 1.0 3.0807 -4.626, 0.5 3.0807 -4.626, 0.4673 0.9773 -4.626, 0.0112 1.3278 -4.626, 0.0112 1.1982 -4.626, -0.1377 1.3278 -4.626, -0.1281 1.1982 -4.626, -0.1281 1.155 -4.626, -0.1473 1.0205 -4.626, -0.1473 0.9773 -4.626, 0.064 0.9773 -4.626, 0.064 1.371 -4.626, 0.0112 1.155 -4.626, 0.0112 1.0205 -4.626, -0.1377 1.371 -4.626, -0.1857 3.0807 -4.626, -0.0 3.0807 -4.626, -0.2241 0.9773 -4.626, -0.2241 1.371 -4.626, -0.5041 1.0671 -4.626, -0.4827 1.0348 -4.626, -0.5554 0.9749 -4.626, -0.4619 1.0157 -4.626, -0.5 3.0807 -4.626, -0.3352 1.371 -4.626, -0.5554 3.0807 -4.626, -0.3622 1.3656 -4.626, -0.4467 1.3407 -4.626, -0.4787 1.3219 -4.626, -0.4981 1.3027 -4.626, -0.5136 1.2772 -4.626, -0.5274 1.2394 -4.626, -0.541 1.1791 -4.626, -0.5349 1.1556 -4.626, -0.4347 1.0008 -4.626, -0.3947 0.9884 -4.626, -0.3311 0.9773 -4.626, -0.8675 0.9773 -4.626, -0.8276 1.0878 -4.626, -0.665 1.0878 -4.626, -0.6274 0.9773 -4.626, -0.5698 0.9773 -4.626, -0.7186 1.371 -4.626, -1.0 3.0807 -4.626, -1.3513 3.0807 -4.626, -1.5 3.0807 -4.626, -2.378 3.0807 -4.626, -2.8297 3.0807 -4.626, -2.937 -0.8642 -4.626, -2.937 0.3101 -4.626, -2.937 0.9749 -4.626, -2.937 3.0807 -4.626, -0.9044 -1.5413 -4.4291, -1.2402 -1.5413 -4.4291, -1.6477 -3.9035 -4.4291, -2.937 -3.9035 -4.4291, -1.6477 -3.4536 -4.4291, -2.937 -2.4311 -4.4291, -0.9044 -3.0311 -4.4291, -1.2402 -2.4311 -4.4291, 0.3189 3.0807 -4.3504, 0.1811 3.0807 -4.3504, -0.0 3.0807 -2.2539, -2.937 3.0807 -2.2539, -2.937 3.0807 -0.1575, -2.378 3.0807 -0.1575, -2.378 3.0807 -2.2539, -1.6811 3.0807 -4.4291, -1.6811 3.0807 -4.3504, -1.8189 3.0807 -4.4291, -1.8189 3.0807 -4.3504, -1.5 3.0807 -2.2539, -1.3189 3.0807 -4.4291, -1.1811 3.0807 -4.4291, -1.1811 3.0807 -4.3504, -1.3189 3.0807 -4.3504, -1.0 3.0807 -2.2539, -0.6811 3.0807 -4.3504, -0.6811 3.0807 -4.4291, -0.8189 3.0807 -4.4291, -0.8189 3.0807 -4.3504, -0.5 3.0807 -2.2539, -0.1811 3.0807 -4.3504, -0.1811 3.0807 -4.4291, -0.3189 3.0807 -4.4291, -0.3189 3.0807 -4.3504, 0.1811 3.0807 -4.4291, 0.5 3.0807 -2.2539, 0.3189 3.0807 -4.4291, 0.8189 3.0807 -4.4291, 0.8189 3.0807 -4.3504, 0.6811 3.0807 -4.4291, 0.6811 3.0807 -4.3504, 1.0 3.0807 -2.2539, 1.1811 3.0807 -4.4291, 1.3189 3.0807 -4.4291, 1.3189 3.0807 -4.3504, 1.1811 3.0807 -4.3504, 1.5 3.0807 -2.2539, 1.6811 3.0807 -4.4291, 1.8189 3.0807 -4.4291, 1.6811 3.0807 -4.3504, 1.8189 3.0807 -4.3504, 2.937 3.0807 -2.2539, -1.5 3.0807 -0.1575, -1.0 3.0807 -0.1575, -0.5 3.0807 -0.1575, -0.0 3.0807 -0.1575, 0.5 3.0807 -0.1575, 1.0 3.0807 -0.1575, 1.5 3.0807 -0.1575, 2.937 3.0807 -0.1575, 2.7224 -1.061 -5.4134, 2.6555 -1.1764 -5.4134, 2.5611 -1.2706 -5.4134, 2.4455 -1.3372 -5.4134, 2.3167 -1.3716 -5.4134, 2.1833 -1.3716 -5.4134, 2.0545 -1.3372 -5.4134, 1.9389 -1.2706 -5.4134, 1.8445 -1.1764 -5.4134, 1.7776 -1.061 -5.4134, 1.7776 -0.6673 -5.4134, 1.8445 -0.5519 -5.4134, 1.9389 -0.4578 -5.4134, 2.0545 -0.3912 -5.4134, 2.1833 -0.3567 -5.4134, 2.3167 -0.3567 -5.4134, 2.4455 -0.3912 -5.4134, 2.5611 -0.4578 -5.4134, 2.6555 -0.5519 -5.4134, 2.7224 -0.6673 -5.4134, 2.6821 -1.1281 -5.8071, 2.7165 -1.061 -5.8071, 2.8691 -1.061 -5.4134, 1.6956 -1.2028 -5.4134, 1.6309 -1.061 -5.4134, 1.7835 -1.061 -5.8071, 1.8179 -1.1281 -5.8071, 1.8987 -1.2288 -5.8071, 1.7993 -1.332 -5.4134, 2.0023 -1.3057 -5.8071, 1.9322 -1.4307 -5.4134, 2.122 -1.354 -5.8071, 2.0858 -1.4927 -5.4134, 2.25 -1.3705 -5.8071, 2.25 -1.5138 -5.4134, 2.378 -1.354 -5.8071, 2.4142 -1.4927 -5.4134, 2.4977 -1.3057 -5.8071, 2.5678 -1.4307 -5.4134, 2.6013 -1.2288 -5.8071, 2.7007 -1.332 -5.4134, 2.8044 -1.2028 -5.4134, 1.8179 -0.6003 -5.8071, 1.7835 -0.6673 -5.8071, 1.6309 -0.6673 -5.4134, 2.8044 -0.5256 -5.4134, 2.8691 -0.6673 -5.4134, 2.7165 -0.6673 -5.8071, 2.6821 -0.6003 -5.8071, 2.6013 -0.4996 -5.8071, 2.7007 -0.3964 -5.4134, 2.4977 -0.4226 -5.8071, 2.5678 -0.2976 -5.4134, 2.378 -0.3743 -5.8071, 2.4142 -0.2357 -5.4134, 2.25 -0.3579 -5.8071, 2.25 -0.2146 -5.4134, 2.122 -0.3743 -5.8071, 2.0858 -0.2357 -5.4134, 2.0023 -0.4226 -5.8071, 1.9322 -0.2976 -5.4134, 1.8987 -0.4996 -5.8071, 1.7993 -0.3964 -5.4134, 1.6956 -0.5256 -5.4134, -1.7776 -1.061 -5.4134, -1.8445 -1.1764 -5.4134, -1.9389 -1.2706 -5.4134, -2.0545 -1.3372 -5.4134, -2.1833 -1.3716 -5.4134, -2.3167 -1.3716 -5.4134, -2.4455 -1.3372 -5.4134, -2.5611 -1.2706 -5.4134, -2.6555 -1.1764 -5.4134, -2.7224 -1.061 -5.4134, -1.8179 -1.1281 -5.8071, -1.7835 -1.061 -5.8071, -1.6309 -1.061 -5.4134, -2.8044 -1.2028 -5.4134, -2.8691 -1.061 -5.4134, -2.7165 -1.061 -5.8071, -2.6821 -1.1281 -5.8071, -2.6013 -1.2288 -5.8071, -2.7007 -1.332 -5.4134, -2.4977 -1.3057 -5.8071, -2.5678 -1.4307 -5.4134, -2.378 -1.354 -5.8071, -2.4142 -1.4927 -5.4134, -2.25 -1.3705 -5.8071, -2.25 -1.5138 -5.4134, -2.122 -1.354 -5.8071, -2.0858 -1.4927 -5.4134, -2.0023 -1.3057 -5.8071, -1.9322 -1.4307 -5.4134, -1.8987 -1.2288 -5.8071, -1.7993 -1.332 -5.4134, -1.6956 -1.2028 -5.4134, 2.4597 2.002 -0.8813, 2.4597 2.002 -1.8103, 2.4597 -1.9372 -0.8813, 2.4597 -3.9035 -1.8103, 2.4597 -3.9035 -0.8813, -2.4597 -3.9035 -3.5822, -2.4597 2.002 -3.5822, -2.4597 -3.9035 -3.0457, -2.4597 2.002 -3.0457, -2.4597 2.002 -1.8103, -2.4597 2.002 -0.8813, -2.4597 -3.9035 -1.8103, -2.4597 -1.9372 -0.8813, -2.4597 -3.9035 -0.8813, -2.1447 2.002 -3.0457, -0.7806 2.002 -4.4291, 0.7806 2.002 -4.4291, -0.7806 2.002 -4.3371, -1.2243 2.002 -3.5822, -1.2243 2.002 -4.3371, -2.1447 2.002 -1.8103, 0.7806 2.002 -4.3371, 1.2243 2.002 -4.3371, 1.2243 2.002 -3.5822, -1.9779 2.002 -0.8813, 2.4597 2.002 -3.5822, 2.4597 2.002 -3.0457, 2.1447 2.002 -3.0457, 2.1447 2.002 -1.8103, 0.0 2.002 -0.8813, -0.3937 2.002 -0.8813, 0.3937 2.002 -0.8813, -0.7874 2.002 -0.8813, -1.1811 2.002 -0.8813, 1.1811 2.002 -0.8813, 0.7874 2.002 -0.8813, -1.9779 -1.9372 -0.8813, 0.7874 -3.9035 -0.8813, 0.7874 -1.9372 -0.8813, 1.1811 -3.9035 -0.8813, 1.1811 -1.9372 -0.8813, -1.9779 -3.9035 -0.8813, -1.1811 -3.9035 -0.8813, -1.1811 -1.9372 -0.8813, -0.7874 -3.9035 -0.8813, -0.7874 -1.9372 -0.8813, -0.3937 -3.9035 -0.8813, -0.3937 -1.9372 -0.8813, 0.0 -3.9035 -0.8813, 0.0 -1.9372 -0.8813, 0.3937 -3.9035 -0.8813, 0.3937 -1.9372 -0.8813, 1.2598 0.14 -0.8813, 1.2598 0.0292 -0.8813, 1.4961 0.14 -0.8813, 1.4961 0.0292 -0.8813, 0.8661 0.14 -0.8813, 0.8661 0.0292 -0.8813, 0.4724 0.0292 -0.8813, 0.7087 0.14 -0.8813, 0.4724 0.14 -0.8813, 0.7087 0.0292 -0.8813, 1.1024 0.14 -0.8813, 1.1024 0.0292 -0.8813, 0.0787 0.14 -0.8813, 0.0787 0.0292 -0.8813, 0.315 0.14 -0.8813, 0.315 0.0292 -0.8813, -0.315 0.14 -0.8813, -0.315 0.0292 -0.8813, -0.0787 0.14 -0.8813, -0.0787 0.0292 -0.8813, -0.7087 0.14 -0.8813, -0.7087 0.0292 -0.8813, -0.4724 0.14 -0.8813, -0.4724 0.0292 -0.8813, -1.1024 0.14 -0.8813, -1.1024 0.0292 -0.8813, -0.8661 0.14 -0.8813, -0.8661 0.0292 -0.8813, -1.4961 0.0292 -0.8813, -1.2598 0.0292 -0.8813, -1.2598 0.14 -0.8813, -1.4961 0.14 -0.8813, 0.9044 -1.5413 -4.4291, 1.2402 -1.5413 -4.4291, 0.9044 -3.0311 -4.4291, 1.2402 -2.4311 -4.4291, 1.6477 -3.4536 -4.4291, 2.937 -2.4311 -4.4291, 1.6477 -3.9035 -4.4291, 2.937 -3.9035 -4.4291, 2.937 -3.9035 -0.1575, -2.937 -3.9035 -0.1575, -1.6477 -3.9035 -3.5822, -2.1447 -3.9035 -3.0457, -2.1447 -3.9035 -1.8103, 1.6477 -3.9035 -3.5822, 2.4597 -3.9035 -3.5822, 2.4597 -3.9035 -3.0457, 2.1447 -3.9035 -3.0457, 2.1447 -3.9035 -1.8103, 0.7806 -0.7599 -4.4291, -0.7806 -0.7599 -4.4291, 1.2243 -3.2129 -3.5822, 1.2243 -3.2129 -4.3371, 0.9044 -3.0311 -4.3371, 0.9044 -0.7599 -4.3371, 0.7806 -0.7599 -4.3371, -0.7806 -0.7599 -4.3371, -1.2243 -3.2129 -4.3371, -0.9044 -3.0311 -4.3371, -0.9044 -0.7599 -4.3371, -1.2243 -3.2129 -3.5822, -1.6477 -3.4536 -3.5822, 1.6477 -3.4536 -3.5822, 1.6477 -3.4536 -3.5822
            ]
        }
        coordIndex [
            0,1,2,-1,3,4,5,-1,6,7,8,-1,9,10,11,-1,12,13,14,-1,15,16,17,-1,17,18,15,-1,15,18,19,-1,15,19,20,-1,21,22,23,-1,23,22,24,-1,23,24,25,-1,16,12,17,-1,17,12,14,-1,17,14,26,-1,26,14,27,-1,25,28,23,-1,23,28,29,-1,23,29,30,-1,31,32,33,-1,33,32,34,-1,33,34,35,-1,35,36,33,-1,33,36,37,-1,33,37,38,-1,30,39,23,-1,23,39,40,-1,23,40,41,-1,41,40,42,-1,41,42,43,-1,43,44,41,-1,41,44,45,-1,41,45,46,-1,46,47,41,-1,41,47,48,-1,41,48,49,-1,49,48,50,-1,49,50,51,-1,27,14,33,-1,33,14,52,-1,33,52,31,-1,53,54,37,-1,37,54,55,-1,37,55,38,-1,56,57,58,-1,58,57,59,-1,60,59,61,-1,61,59,57,-1,61,57,62,-1,63,64,65,-1,65,64,66,-1,63,65,67,-1,67,65,62,-1,67,62,68,-1,68,62,57,-1,68,57,69,-1,69,57,70,-1,69,70,71,-1,66,72,71,-1,71,72,73,-1,73,74,71,-1,71,74,75,-1,71,75,69,-1,66,71,65,-1,65,71,76,-1,65,76,77,-1,78,79,80,-1,80,79,81,-1,80,81,82,-1,82,81,83,-1,83,81,84,-1,84,81,85,-1,84,85,10,-1,9,4,86,-1,86,4,3,-1,86,3,87,-1,87,3,21,-1,87,21,58,-1,6,88,89,-1,89,88,79,-1,89,79,90,-1,90,79,78,-1,91,92,88,-1,88,92,93,-1,88,93,79,-1,79,93,94,-1,79,94,95,-1,95,96,79,-1,79,96,97,-1,79,97,81,-1,81,97,98,-1,81,98,99,-1,99,98,100,-1,99,100,88,-1,88,100,101,-1,88,101,91,-1,102,103,56,-1,104,105,106,-1,106,105,70,-1,106,70,107,-1,107,70,57,-1,107,57,108,-1,108,57,56,-1,104,109,105,-1,105,109,110,-1,105,110,102,-1,103,111,56,-1,56,111,112,-1,56,112,108,-1,113,114,115,-1,115,114,116,-1,115,116,99,-1,117,118,85,-1,85,118,119,-1,99,116,81,-1,81,116,120,-1,81,120,85,-1,85,120,121,-1,85,121,117,-1,119,122,115,-1,115,122,123,-1,115,123,113,-1,5,15,3,-1,3,15,20,-1,3,20,21,-1,21,20,124,-1,21,124,22,-1,119,115,85,-1,85,115,125,-1,85,125,2,-1,126,127,128,-1,102,56,105,-1,105,56,126,-1,105,126,129,-1,129,126,128,-1,129,128,130,-1,131,132,133,-1,58,21,56,-1,56,21,23,-1,56,23,126,-1,126,23,134,-1,126,134,127,-1,127,134,135,-1,127,135,136,-1,136,135,137,-1,137,135,131,-1,137,131,41,-1,41,131,133,-1,41,133,23,-1,23,133,138,-1,23,138,134,-1,139,140,141,-1,141,140,142,-1,141,142,143,-1,144,145,5,-1,5,145,15,-1,15,145,146,-1,15,146,147,-1,148,149,143,-1,143,149,144,-1,143,144,141,-1,141,144,150,-1,144,151,150,-1,150,151,152,-1,150,152,147,-1,147,152,49,-1,147,49,15,-1,15,49,51,-1,15,51,16,-1,5,153,154,-1,155,156,157,-1,157,156,158,-1,144,5,151,-1,151,5,154,-1,151,154,159,-1,159,154,160,-1,159,160,161,-1,161,160,162,-1,161,162,163,-1,163,164,161,-1,161,164,165,-1,161,165,166,-1,166,167,161,-1,161,167,168,-1,161,168,157,-1,157,168,169,-1,157,169,155,-1,158,170,157,-1,157,170,171,-1,157,171,172,-1,9,11,4,-1,4,11,157,-1,4,157,5,-1,5,157,172,-1,5,172,153,-1,10,85,11,-1,11,85,2,-1,11,2,157,-1,157,2,1,-1,157,1,173,-1,174,175,173,-1,173,175,176,-1,173,176,157,-1,157,176,177,-1,157,177,161,-1,161,177,178,-1,161,178,179,-1,179,178,0,-1,179,0,180,-1,180,0,2,-1,180,2,181,-1,181,2,125,-1,181,125,182,-1,182,125,183,-1,6,8,88,-1,88,8,184,-1,88,184,99,-1,99,184,185,-1,99,185,115,-1,115,185,186,-1,115,186,125,-1,125,186,187,-1,125,187,183,-1,82,188,80,-1,80,188,189,-1,190,191,192,-1,192,191,193,-1,192,193,194,-1,194,193,195,-1,194,195,188,-1,188,195,189,-1,196,197,198,-1,199,200,201,-1,187,199,183,-1,183,199,202,-1,183,202,182,-1,181,203,204,-1,203,181,205,-1,205,181,182,-1,205,182,206,-1,206,182,202,-1,206,202,204,-1,204,202,207,-1,204,207,181,-1,208,209,179,-1,179,209,210,-1,179,180,208,-1,208,180,181,-1,208,181,211,-1,211,181,207,-1,211,207,210,-1,210,207,212,-1,210,212,179,-1,213,159,214,-1,214,159,161,-1,214,161,215,-1,215,161,179,-1,215,179,216,-1,216,179,212,-1,216,212,213,-1,213,212,217,-1,213,217,159,-1,218,152,219,-1,219,152,151,-1,219,151,220,-1,220,151,159,-1,220,159,221,-1,221,159,217,-1,221,217,218,-1,218,217,198,-1,218,198,152,-1,152,198,197,-1,152,197,222,-1,198,223,196,-1,196,223,137,-1,196,137,224,-1,224,137,41,-1,224,41,222,-1,222,41,49,-1,222,49,152,-1,136,225,226,-1,225,136,227,-1,227,136,137,-1,227,137,228,-1,228,137,223,-1,228,223,226,-1,226,223,229,-1,226,229,136,-1,230,231,128,-1,128,231,232,-1,128,127,230,-1,230,127,136,-1,230,136,233,-1,233,136,229,-1,233,229,232,-1,232,229,234,-1,232,234,128,-1,128,235,236,-1,235,128,237,-1,237,128,234,-1,237,234,238,-1,238,234,239,-1,238,239,236,-1,236,239,130,-1,236,130,128,-1,199,201,202,-1,202,201,240,-1,202,240,207,-1,207,240,241,-1,207,241,212,-1,212,241,242,-1,212,242,217,-1,217,242,243,-1,217,243,198,-1,198,243,244,-1,198,244,223,-1,223,244,245,-1,223,245,229,-1,229,245,246,-1,229,246,234,-1,234,246,247,-1,234,247,239,-1,248,69,75,-1,248,75,249,-1,249,75,74,-1,249,74,250,-1,250,74,73,-1,250,73,251,-1,251,73,72,-1,251,72,252,-1,252,72,66,-1,252,66,253,-1,253,66,64,-1,253,64,254,-1,254,64,63,-1,254,63,255,-1,255,63,67,-1,255,67,256,-1,256,67,68,-1,256,68,257,-1,258,107,108,-1,258,108,259,-1,259,108,112,-1,259,112,260,-1,260,112,111,-1,260,111,261,-1,261,111,103,-1,261,103,262,-1,262,103,102,-1,262,102,263,-1,263,102,110,-1,263,110,264,-1,264,110,109,-1,264,109,265,-1,265,109,104,-1,265,104,266,-1,266,104,106,-1,266,106,267,-1,268,269,270,-1,271,272,273,-1,273,274,271,-1,271,274,275,-1,271,275,276,-1,276,275,277,-1,276,277,278,-1,278,277,279,-1,278,279,280,-1,280,279,281,-1,280,281,282,-1,282,281,283,-1,282,283,284,-1,284,283,285,-1,284,285,286,-1,286,285,287,-1,286,287,288,-1,288,287,268,-1,288,268,289,-1,289,268,270,-1,290,291,292,-1,293,294,295,-1,295,296,293,-1,293,296,297,-1,293,297,298,-1,298,297,299,-1,298,299,300,-1,300,299,301,-1,300,301,302,-1,302,301,303,-1,302,303,304,-1,304,303,305,-1,304,305,306,-1,306,305,307,-1,306,307,308,-1,308,307,309,-1,308,309,310,-1,310,309,290,-1,310,290,311,-1,311,290,292,-1,273,269,274,-1,274,269,268,-1,279,268,287,-1,279,277,268,-1,268,277,275,-1,268,275,274,-1,287,285,279,-1,279,285,283,-1,279,283,281,-1,295,291,296,-1,296,291,290,-1,290,309,296,-1,296,309,307,-1,296,307,305,-1,305,303,296,-1,296,303,301,-1,296,301,297,-1,297,301,299,-1,257,272,256,-1,256,272,271,-1,256,271,255,-1,255,271,276,-1,255,276,254,-1,254,276,278,-1,254,278,253,-1,270,248,289,-1,289,248,249,-1,289,249,288,-1,288,249,250,-1,288,250,286,-1,286,250,251,-1,286,251,284,-1,284,251,252,-1,284,252,282,-1,282,252,253,-1,282,253,280,-1,280,253,278,-1,292,258,311,-1,311,258,259,-1,311,259,310,-1,310,259,260,-1,310,260,308,-1,308,260,261,-1,308,261,306,-1,306,261,262,-1,306,262,304,-1,304,262,263,-1,267,294,266,-1,266,294,293,-1,266,293,265,-1,265,293,298,-1,265,298,264,-1,264,298,300,-1,264,300,263,-1,263,300,302,-1,263,302,304,-1,312,98,97,-1,312,97,313,-1,313,97,96,-1,313,96,314,-1,314,96,95,-1,314,95,315,-1,315,95,94,-1,315,94,316,-1,316,94,93,-1,316,93,317,-1,317,93,92,-1,317,92,318,-1,318,92,91,-1,318,91,319,-1,319,91,101,-1,319,101,320,-1,320,101,100,-1,320,100,321,-1,322,323,324,-1,325,326,327,-1,327,328,325,-1,325,328,329,-1,325,329,330,-1,330,329,331,-1,330,331,332,-1,332,331,333,-1,332,333,334,-1,334,333,335,-1,334,335,336,-1,336,335,337,-1,336,337,338,-1,338,337,339,-1,338,339,340,-1,340,339,341,-1,340,341,342,-1,342,341,322,-1,342,322,343,-1,343,322,324,-1,328,327,323,-1,323,322,328,-1,328,322,341,-1,328,341,329,-1,337,335,333,-1,341,339,329,-1,329,339,337,-1,329,337,331,-1,331,337,333,-1,324,312,343,-1,343,312,313,-1,343,313,342,-1,342,313,314,-1,342,314,340,-1,340,314,315,-1,340,315,338,-1,338,315,316,-1,321,326,320,-1,320,326,325,-1,320,325,319,-1,319,325,330,-1,319,330,318,-1,318,330,332,-1,318,332,317,-1,317,332,334,-1,317,334,316,-1,316,334,336,-1,316,336,338,-1,344,345,346,-1,346,345,347,-1,346,347,348,-1,349,350,351,-1,351,350,352,-1,353,354,355,-1,355,354,356,-1,355,356,357,-1,358,352,350,-1,359,360,361,-1,361,360,362,-1,361,362,363,-1,350,362,358,-1,358,362,360,-1,358,360,364,-1,364,360,365,-1,365,366,367,-1,353,364,354,-1,354,364,365,-1,354,365,368,-1,368,365,367,-1,369,370,367,-1,367,370,371,-1,367,371,372,-1,373,374,367,-1,373,367,375,-1,374,376,367,-1,367,376,377,-1,367,377,368,-1,345,344,372,-1,372,344,378,-1,372,378,367,-1,367,378,379,-1,367,379,375,-1,380,356,354,-1,381,382,383,-1,383,382,384,-1,383,384,348,-1,348,384,346,-1,357,356,385,-1,385,356,380,-1,385,380,386,-1,386,380,387,-1,386,387,388,-1,388,387,389,-1,388,389,390,-1,390,389,391,-1,390,391,392,-1,392,391,393,-1,392,393,394,-1,394,393,395,-1,394,395,381,-1,378,396,397,-1,396,378,398,-1,398,378,344,-1,398,344,399,-1,399,344,346,-1,399,346,397,-1,397,346,384,-1,397,384,378,-1,379,400,401,-1,402,395,375,-1,379,403,375,-1,375,403,404,-1,375,404,402,-1,381,395,382,-1,382,395,402,-1,382,402,405,-1,400,379,406,-1,406,379,378,-1,406,378,407,-1,407,378,384,-1,407,384,401,-1,401,384,382,-1,401,382,379,-1,379,382,405,-1,379,405,403,-1,373,408,409,-1,408,373,410,-1,410,373,375,-1,410,375,411,-1,411,375,395,-1,411,395,409,-1,409,395,393,-1,409,393,373,-1,374,412,413,-1,412,374,414,-1,414,374,373,-1,414,373,415,-1,415,373,393,-1,415,393,413,-1,413,393,391,-1,413,391,374,-1,376,416,417,-1,416,376,418,-1,418,376,374,-1,418,374,419,-1,419,374,391,-1,419,391,417,-1,417,391,389,-1,417,389,376,-1,377,420,421,-1,420,377,422,-1,422,377,376,-1,422,376,423,-1,423,376,389,-1,423,389,421,-1,421,389,387,-1,421,387,377,-1,354,368,380,-1,380,368,424,-1,380,424,387,-1,387,424,425,-1,387,425,377,-1,377,425,426,-1,377,426,368,-1,368,426,427,-1,368,427,424,-1,428,429,430,-1,430,429,431,-1,430,431,432,-1,432,431,433,-1,432,433,434,-1,434,433,435,-1,436,247,246,-1,246,245,436,-1,436,245,244,-1,436,244,437,-1,244,243,437,-1,437,243,242,-1,437,242,241,-1,241,240,437,-1,437,240,201,-1,437,201,200,-1,191,190,438,-1,439,440,351,-1,351,440,355,-1,347,435,436,-1,438,349,191,-1,191,349,351,-1,191,351,437,-1,437,351,355,-1,437,355,357,-1,441,434,442,-1,442,434,435,-1,442,435,443,-1,443,435,347,-1,443,347,444,-1,444,347,445,-1,381,383,436,-1,436,383,348,-1,436,348,347,-1,357,385,437,-1,437,385,386,-1,437,386,388,-1,388,390,437,-1,437,390,392,-1,437,392,436,-1,436,392,394,-1,436,394,381,-1,247,436,435,-1,435,433,247,-1,247,433,76,-1,247,76,71,-1,71,70,247,-1,247,70,105,-1,247,105,239,-1,239,105,129,-1,239,129,130,-1,191,437,193,-1,193,437,200,-1,193,200,199,-1,185,199,186,-1,186,199,187,-1,7,193,8,-1,8,193,199,-1,8,199,184,-1,184,199,185,-1,62,429,61,-1,61,429,428,-1,61,428,60,-1,446,360,447,-1,447,360,359,-1,448,367,449,-1,449,367,366,-1,450,449,451,-1,451,449,366,-1,451,366,452,-1,452,366,365,-1,452,365,446,-1,446,365,360,-1,447,359,453,-1,453,359,361,-1,454,455,456,-1,453,361,456,-1,456,361,363,-1,456,363,454,-1,454,363,457,-1,457,363,362,-1,349,438,458,-1,457,362,458,-1,458,362,350,-1,458,350,349,-1,370,369,443,-1,443,369,442,-1,441,442,459,-1,459,442,369,-1,459,369,448,-1,448,369,367,-1,
        ]
    }
}
Shape{
    appearance Appearance {
        material  Material 	{
            diffuseColor 1.0 1.0 0.0
            specularColor 0.5019607843137255 0.5019607843137255 0.0
            ambientIntensity 0.2
            transparency 0
            shininess 0.5
        }
    }
    geometry IndexedFaceSet {
        ccw TRUE
        solid FALSE
        coord DEF co Coordinate {
            point [
                0.0787 0.0292 -0.8813, 0.0787 1.8162 -2.686, 0.315 0.0292 -0.8813, 0.315 1.8162 -2.686, 0.315 1.8722 -2.6306, 0.0787 1.8722 -2.6306, 0.315 0.14 -0.8813, 0.0787 0.14 -0.8813, 0.4724 0.0292 -0.8813, 0.4724 1.8162 -2.686, 0.7087 0.0292 -0.8813, 0.7087 1.8162 -2.686, 0.7087 1.8722 -2.6306, 0.4724 1.8722 -2.6306, 0.7087 0.14 -0.8813, 0.4724 0.14 -0.8813, 0.8661 0.0292 -0.8813, 0.8661 1.8162 -2.686, 1.1024 0.0292 -0.8813, 1.1024 1.8162 -2.686, 1.1024 1.8722 -2.6306, 0.8661 1.8722 -2.6306, 1.1024 0.14 -0.8813, 0.8661 0.14 -0.8813, 1.2598 0.0292 -0.8813, 1.2598 1.8162 -2.686, 1.4961 0.0292 -0.8813, 1.4961 1.8162 -2.686, 1.4961 1.8722 -2.6306, 1.2598 1.8722 -2.6306, 1.4961 0.14 -0.8813, 1.2598 0.14 -0.8813, -0.315 0.0292 -0.8813, -0.315 1.8162 -2.686, -0.0787 0.0292 -0.8813, -0.0787 1.8162 -2.686, -0.0787 1.8722 -2.6306, -0.315 1.8722 -2.6306, -0.0787 0.14 -0.8813, -0.315 0.14 -0.8813, -0.7087 0.0292 -0.8813, -0.7087 1.8162 -2.686, -0.4724 0.0292 -0.8813, -0.4724 1.8162 -2.686, -0.4724 1.8722 -2.6306, -0.7087 1.8722 -2.6306, -0.4724 0.14 -0.8813, -0.7087 0.14 -0.8813, -1.1024 0.0292 -0.8813, -1.1024 1.8162 -2.686, -0.8661 0.0292 -0.8813, -0.8661 1.8162 -2.686, -0.8661 1.8722 -2.6306, -1.1024 1.8722 -2.6306, -0.8661 0.14 -0.8813, -1.1024 0.14 -0.8813, -1.4961 0.0292 -0.8813, -1.4961 1.8162 -2.686, -1.2598 0.0292 -0.8813, -1.2598 1.8162 -2.686, -1.2598 1.8722 -2.6306, -1.4961 1.8722 -2.6306, -1.2598 0.14 -0.8813, -1.4961 0.14 -0.8813, -1.4961 0.14 -0.8813
            ]
        }
        coordIndex [
            0,1,2,-1,2,1,3,-1,4,5,6,-1,6,5,7,-1,2,3,6,-1,6,3,4,-1,5,1,7,-1,7,1,0,-1,4,3,5,-1,5,3,1,-1,8,9,10,-1,10,9,11,-1,12,13,14,-1,14,13,15,-1,10,11,14,-1,14,11,12,-1,13,9,15,-1,15,9,8,-1,12,11,13,-1,13,11,9,-1,16,17,18,-1,18,17,19,-1,20,21,22,-1,22,21,23,-1,18,19,22,-1,22,19,20,-1,21,17,23,-1,23,17,16,-1,20,19,21,-1,21,19,17,-1,24,25,26,-1,26,25,27,-1,28,29,30,-1,30,29,31,-1,26,27,30,-1,30,27,28,-1,29,25,31,-1,31,25,24,-1,28,27,29,-1,29,27,25,-1,32,33,34,-1,34,33,35,-1,36,37,38,-1,38,37,39,-1,34,35,38,-1,38,35,36,-1,37,33,39,-1,39,33,32,-1,36,35,37,-1,37,35,33,-1,40,41,42,-1,42,41,43,-1,44,45,46,-1,46,45,47,-1,42,43,46,-1,46,43,44,-1,45,41,47,-1,47,41,40,-1,44,43,45,-1,45,43,41,-1,48,49,50,-1,50,49,51,-1,52,53,54,-1,54,53,55,-1,50,51,54,-1,54,51,52,-1,53,49,55,-1,55,49,48,-1,52,51,53,-1,53,51,49,-1,56,57,58,-1,58,57,59,-1,60,61,62,-1,62,61,63,-1,58,59,62,-1,62,59,60,-1,61,57,63,-1,63,57,56,-1,60,59,61,-1,61,59,57,-1,
        ]
    }
}
Shape{
    appearance Appearance {
        material  Material 	{
            diffuseColor 0.25098039215686274 0.25098039215686274 0.25098039215686274
            specularColor 0.12549019607843137 0.12549019607843137 0.12549019607843137
            ambientIntensity 0.2
            transparency 0
            shininess 0.5
        }
    }
    geometry IndexedFaceSet {
        ccw TRUE
        solid FALSE
        coord DEF co Coordinate {
            point [
                -2.1447 -3.9035 -3.0457, -2.4597 -3.9035 -3.0457, -2.1447 2.002 -3.0457, -2.4597 2.002 -3.0457, -2.1447 -3.9035 -1.8103, -2.1447 2.002 -1.8103, -2.4597 -3.9035 -1.8103, -2.4597 2.002 -1.8103, 2.1447 -3.9035 -1.8103, 2.4597 -3.9035 -1.8103, 2.1447 2.002 -1.8103, 2.4597 2.002 -1.8103, 2.1447 -3.9035 -3.0457, 2.1447 2.002 -3.0457, 2.4597 -3.9035 -3.0457, 2.4597 2.002 -3.0457, -2.7224 -0.6673 -5.4134, -2.7224 -0.6673 -4.626, -2.6555 -0.5519 -4.626, -2.6555 -0.5519 -5.4134, -2.5611 -0.4578 -4.626, -2.5611 -0.4578 -5.4134, -2.4455 -0.3912 -4.626, -2.4455 -0.3912 -5.4134, -2.3167 -0.3567 -4.626, -2.3167 -0.3567 -5.4134, -2.1833 -0.3567 -4.626, -2.1833 -0.3567 -5.4134, -2.0545 -0.3912 -4.626, -2.0545 -0.3912 -5.4134, -1.9389 -0.4578 -4.626, -1.9389 -0.4578 -5.4134, -1.8445 -0.5519 -4.626, -1.8445 -0.5519 -5.4134, -1.7776 -0.6673 -4.626, -1.7776 -0.6673 -5.4134, -2.6821 -0.6003 -5.8071, -2.7165 -0.6673 -5.8071, -2.8691 -0.6673 -5.4134, -1.6956 -0.5256 -5.4134, -1.6309 -0.6673 -5.4134, -1.7835 -0.6673 -5.8071, -1.8179 -0.6003 -5.8071, -1.8987 -0.4996 -5.8071, -1.7993 -0.3964 -5.4134, -2.0023 -0.4226 -5.8071, -1.9322 -0.2976 -5.4134, -2.122 -0.3743 -5.8071, -2.0858 -0.2357 -5.4134, -2.25 -0.3579 -5.8071, -2.25 -0.2146 -5.4134, -2.378 -0.3743 -5.8071, -2.4142 -0.2357 -5.4134, -2.4977 -0.4226 -5.8071, -2.5678 -0.2976 -5.4134, -2.6013 -0.4996 -5.8071, -2.7007 -0.3964 -5.4134, -2.8044 -0.5256 -5.4134, -1.7776 -1.061 -5.4134, -1.6309 -1.061 -5.4134, -1.7835 -1.061 -5.8071, -2.7165 -1.061 -5.8071, -2.8691 -1.061 -5.4134, -2.7224 -1.061 -5.4134, -2.7224 -1.061 -4.626, -1.7776 -1.061 -4.626, 2.7224 -1.061 -5.4134, 2.8691 -1.061 -5.4134, 2.7165 -1.061 -5.8071, 1.7835 -1.061 -5.8071, 1.6309 -1.061 -5.4134, 1.7776 -1.061 -5.4134, 1.7776 -1.061 -4.626, 2.7224 -1.061 -4.626, 1.7776 -0.6673 -5.4134, 1.6309 -0.6673 -5.4134, 1.7835 -0.6673 -5.8071, 2.7165 -0.6673 -5.8071, 2.8691 -0.6673 -5.4134, 2.7224 -0.6673 -5.4134, 2.7224 -0.6673 -4.626, 1.7776 -0.6673 -4.626, 1.7776 -0.6673 -4.626
            ]
        }
        coordIndex [
            0,1,2,-1,2,1,3,-1,4,0,5,-1,5,0,2,-1,6,4,7,-1,7,4,5,-1,8,9,10,-1,10,9,11,-1,12,8,13,-1,13,8,10,-1,14,12,15,-1,15,12,13,-1,16,17,18,-1,16,18,19,-1,19,18,20,-1,19,20,21,-1,21,20,22,-1,21,22,23,-1,23,22,24,-1,23,24,25,-1,25,24,26,-1,25,26,27,-1,27,26,28,-1,27,28,29,-1,29,28,30,-1,29,30,31,-1,31,30,32,-1,31,32,33,-1,33,32,34,-1,33,34,35,-1,36,37,38,-1,39,40,41,-1,41,42,39,-1,39,42,43,-1,39,43,44,-1,44,43,45,-1,44,45,46,-1,46,45,47,-1,46,47,48,-1,48,47,49,-1,48,49,50,-1,50,49,51,-1,50,51,52,-1,52,51,53,-1,52,53,54,-1,54,53,55,-1,54,55,56,-1,56,55,36,-1,56,36,57,-1,57,36,38,-1,43,42,36,-1,36,42,41,-1,36,41,37,-1,43,36,45,-1,45,36,55,-1,45,55,53,-1,53,51,45,-1,45,51,49,-1,45,49,47,-1,38,16,57,-1,57,16,19,-1,57,19,56,-1,56,19,21,-1,56,21,54,-1,54,21,23,-1,54,23,52,-1,52,23,25,-1,52,25,50,-1,50,25,27,-1,35,40,33,-1,33,40,39,-1,33,39,31,-1,31,39,44,-1,31,44,29,-1,29,44,46,-1,29,46,27,-1,27,46,48,-1,27,48,50,-1,58,59,60,-1,61,62,63,-1,64,65,63,-1,63,65,58,-1,63,58,61,-1,61,58,60,-1,16,38,37,-1,41,40,37,-1,37,40,35,-1,37,35,16,-1,16,35,34,-1,16,34,17,-1,66,67,68,-1,69,70,68,-1,68,70,71,-1,68,71,66,-1,66,71,72,-1,66,72,73,-1,74,75,76,-1,77,78,79,-1,80,81,79,-1,79,81,74,-1,79,74,77,-1,77,74,76,-1,
        ]
    }
}
Shape{
    appearance Appearance {
        material  Material 	{
            diffuseColor 0.7529411764705882 0.7529411764705882 0.7529411764705882
            specularColor 0.3764705882352941 0.3764705882352941 0.3764705882352941
            ambientIntensity 0.2
            transparency 0
            shininess 0.5
        }
    }
    geometry IndexedFaceSet {
        ccw TRUE
        solid FALSE
        coord DEF co Coordinate {
            point [
                0.1811 3.5174 -4.6654, 0.1811 4.065 -4.6654, 0.3189 3.5174 -4.6654, 0.3189 4.065 -4.6654, 0.3189 3.4902 -4.6622, 0.1811 3.4902 -4.6622, 0.3189 3.4644 -4.6528, 0.1811 3.4644 -4.6528, 0.3189 3.4415 -4.6377, 0.1811 3.4415 -4.6377, 0.1811 3.2258 -4.4568, 0.3189 3.2258 -4.4568, 0.1811 3.2029 -4.4417, 0.3189 3.2029 -4.4417, 0.1811 3.1771 -4.4323, 0.3189 3.1771 -4.4323, 0.1811 3.1499 -4.4291, 0.3189 3.1499 -4.4291, 0.1811 3.0807 -4.4291, 0.3189 3.0807 -4.4291, 0.1811 3.1499 -4.3504, 0.1811 3.0807 -4.3504, 0.3189 3.1499 -4.3504, 0.3189 3.0807 -4.3504, 0.3189 3.1953 -4.3557, 0.1811 3.1953 -4.3557, 0.3189 3.2383 -4.3713, 0.1811 3.2383 -4.3713, 0.3189 3.2764 -4.3964, 0.1811 3.2764 -4.3964, 0.1811 3.4921 -4.5774, 0.3189 3.4921 -4.5774, 0.1811 3.4997 -4.5824, 0.3189 3.4997 -4.5824, 0.1811 3.5083 -4.5856, 0.3189 3.5083 -4.5856, 0.1811 3.5174 -4.5866, 0.3189 3.5174 -4.5866, 0.1811 4.065 -4.5866, 0.3189 4.065 -4.5866, 0.6811 3.5174 -4.6654, 0.6811 4.065 -4.6654, 0.8189 3.5174 -4.6654, 0.8189 4.065 -4.6654, 0.8189 3.4902 -4.6622, 0.6811 3.4902 -4.6622, 0.8189 3.4644 -4.6528, 0.6811 3.4644 -4.6528, 0.8189 3.4415 -4.6377, 0.6811 3.4415 -4.6377, 0.6811 3.2258 -4.4568, 0.8189 3.2258 -4.4568, 0.6811 3.2029 -4.4417, 0.8189 3.2029 -4.4417, 0.6811 3.1771 -4.4323, 0.8189 3.1771 -4.4323, 0.6811 3.1499 -4.4291, 0.8189 3.1499 -4.4291, 0.6811 3.0807 -4.4291, 0.8189 3.0807 -4.4291, 0.6811 3.1499 -4.3504, 0.6811 3.0807 -4.3504, 0.8189 3.1499 -4.3504, 0.8189 3.0807 -4.3504, 0.8189 3.1953 -4.3557, 0.6811 3.1953 -4.3557, 0.8189 3.2383 -4.3713, 0.6811 3.2383 -4.3713, 0.8189 3.2764 -4.3964, 0.6811 3.2764 -4.3964, 0.6811 3.4921 -4.5774, 0.8189 3.4921 -4.5774, 0.6811 3.4997 -4.5824, 0.8189 3.4997 -4.5824, 0.6811 3.5083 -4.5856, 0.8189 3.5083 -4.5856, 0.6811 3.5174 -4.5866, 0.8189 3.5174 -4.5866, 0.6811 4.065 -4.5866, 0.8189 4.065 -4.5866, 1.1811 3.5174 -4.6654, 1.1811 4.065 -4.6654, 1.3189 3.5174 -4.6654, 1.3189 4.065 -4.6654, 1.3189 3.4902 -4.6622, 1.1811 3.4902 -4.6622, 1.3189 3.4644 -4.6528, 1.1811 3.4644 -4.6528, 1.3189 3.4415 -4.6377, 1.1811 3.4415 -4.6377, 1.1811 3.2258 -4.4568, 1.3189 3.2258 -4.4568, 1.1811 3.2029 -4.4417, 1.3189 3.2029 -4.4417, 1.1811 3.1771 -4.4323, 1.3189 3.1771 -4.4323, 1.1811 3.1499 -4.4291, 1.3189 3.1499 -4.4291, 1.1811 3.0807 -4.4291, 1.3189 3.0807 -4.4291, 1.1811 3.1499 -4.3504, 1.1811 3.0807 -4.3504, 1.3189 3.1499 -4.3504, 1.3189 3.0807 -4.3504, 1.3189 3.1953 -4.3557, 1.1811 3.1953 -4.3557, 1.3189 3.2383 -4.3713, 1.1811 3.2383 -4.3713, 1.3189 3.2764 -4.3964, 1.1811 3.2764 -4.3964, 1.1811 3.4921 -4.5774, 1.3189 3.4921 -4.5774, 1.1811 3.4997 -4.5824, 1.3189 3.4997 -4.5824, 1.1811 3.5083 -4.5856, 1.3189 3.5083 -4.5856, 1.1811 3.5174 -4.5866, 1.3189 3.5174 -4.5866, 1.1811 4.065 -4.5866, 1.3189 4.065 -4.5866, 1.6811 3.5174 -4.6654, 1.6811 4.065 -4.6654, 1.8189 3.5174 -4.6654, 1.8189 4.065 -4.6654, 1.8189 3.4902 -4.6622, 1.6811 3.4902 -4.6622, 1.8189 3.4644 -4.6528, 1.6811 3.4644 -4.6528, 1.8189 3.4415 -4.6377, 1.6811 3.4415 -4.6377, 1.6811 3.2258 -4.4568, 1.8189 3.2258 -4.4568, 1.6811 3.2029 -4.4417, 1.8189 3.2029 -4.4417, 1.6811 3.1771 -4.4323, 1.8189 3.1771 -4.4323, 1.6811 3.1499 -4.4291, 1.8189 3.1499 -4.4291, 1.6811 3.0807 -4.4291, 1.8189 3.0807 -4.4291, 1.6811 3.1499 -4.3504, 1.6811 3.0807 -4.3504, 1.8189 3.1499 -4.3504, 1.8189 3.0807 -4.3504, 1.8189 3.1953 -4.3557, 1.6811 3.1953 -4.3557, 1.8189 3.2383 -4.3713, 1.6811 3.2383 -4.3713, 1.8189 3.2764 -4.3964, 1.6811 3.2764 -4.3964, 1.6811 3.4921 -4.5774, 1.8189 3.4921 -4.5774, 1.6811 3.4997 -4.5824, 1.8189 3.4997 -4.5824, 1.6811 3.5083 -4.5856, 1.8189 3.5083 -4.5856, 1.6811 3.5174 -4.5866, 1.8189 3.5174 -4.5866, 1.6811 4.065 -4.5866, 1.8189 4.065 -4.5866, -0.3189 3.5174 -4.6654, -0.3189 4.065 -4.6654, -0.1811 3.5174 -4.6654, -0.1811 4.065 -4.6654, -0.1811 3.4902 -4.6622, -0.3189 3.4902 -4.6622, -0.1811 3.4644 -4.6528, -0.3189 3.4644 -4.6528, -0.1811 3.4415 -4.6377, -0.3189 3.4415 -4.6377, -0.3189 3.2258 -4.4568, -0.1811 3.2258 -4.4568, -0.3189 3.2029 -4.4417, -0.1811 3.2029 -4.4417, -0.3189 3.1771 -4.4323, -0.1811 3.1771 -4.4323, -0.3189 3.1499 -4.4291, -0.1811 3.1499 -4.4291, -0.3189 3.0807 -4.4291, -0.1811 3.0807 -4.4291, -0.3189 3.1499 -4.3504, -0.3189 3.0807 -4.3504, -0.1811 3.1499 -4.3504, -0.1811 3.0807 -4.3504, -0.1811 3.1953 -4.3557, -0.3189 3.1953 -4.3557, -0.1811 3.2383 -4.3713, -0.3189 3.2383 -4.3713, -0.1811 3.2764 -4.3964, -0.3189 3.2764 -4.3964, -0.3189 3.4921 -4.5774, -0.1811 3.4921 -4.5774, -0.3189 3.4997 -4.5824, -0.1811 3.4997 -4.5824, -0.3189 3.5083 -4.5856, -0.1811 3.5083 -4.5856, -0.3189 3.5174 -4.5866, -0.1811 3.5174 -4.5866, -0.3189 4.065 -4.5866, -0.1811 4.065 -4.5866, -0.8189 3.5174 -4.6654, -0.8189 4.065 -4.6654, -0.6811 3.5174 -4.6654, -0.6811 4.065 -4.6654, -0.6811 3.4902 -4.6622, -0.8189 3.4902 -4.6622, -0.6811 3.4644 -4.6528, -0.8189 3.4644 -4.6528, -0.6811 3.4415 -4.6377, -0.8189 3.4415 -4.6377, -0.8189 3.2258 -4.4568, -0.6811 3.2258 -4.4568, -0.8189 3.2029 -4.4417, -0.6811 3.2029 -4.4417, -0.8189 3.1771 -4.4323, -0.6811 3.1771 -4.4323, -0.8189 3.1499 -4.4291, -0.6811 3.1499 -4.4291, -0.8189 3.0807 -4.4291, -0.6811 3.0807 -4.4291, -0.8189 3.1499 -4.3504, -0.8189 3.0807 -4.3504, -0.6811 3.1499 -4.3504, -0.6811 3.0807 -4.3504, -0.6811 3.1953 -4.3557, -0.8189 3.1953 -4.3557, -0.6811 3.2383 -4.3713, -0.8189 3.2383 -4.3713, -0.6811 3.2764 -4.3964, -0.8189 3.2764 -4.3964, -0.8189 3.4921 -4.5774, -0.6811 3.4921 -4.5774, -0.8189 3.4997 -4.5824, -0.6811 3.4997 -4.5824, -0.8189 3.5083 -4.5856, -0.6811 3.5083 -4.5856, -0.8189 3.5174 -4.5866, -0.6811 3.5174 -4.5866, -0.8189 4.065 -4.5866, -0.6811 4.065 -4.5866, -1.3189 3.5174 -4.6654, -1.3189 4.065 -4.6654, -1.1811 3.5174 -4.6654, -1.1811 4.065 -4.6654, -1.1811 3.4902 -4.6622, -1.3189 3.4902 -4.6622, -1.1811 3.4644 -4.6528, -1.3189 3.4644 -4.6528, -1.1811 3.4415 -4.6377, -1.3189 3.4415 -4.6377, -1.3189 3.2258 -4.4568, -1.1811 3.2258 -4.4568, -1.3189 3.2029 -4.4417, -1.1811 3.2029 -4.4417, -1.3189 3.1771 -4.4323, -1.1811 3.1771 -4.4323, -1.3189 3.1499 -4.4291, -1.1811 3.1499 -4.4291, -1.3189 3.0807 -4.4291, -1.1811 3.0807 -4.4291, -1.3189 3.1499 -4.3504, -1.3189 3.0807 -4.3504, -1.1811 3.1499 -4.3504, -1.1811 3.0807 -4.3504, -1.1811 3.1953 -4.3557, -1.3189 3.1953 -4.3557, -1.1811 3.2383 -4.3713, -1.3189 3.2383 -4.3713, -1.1811 3.2764 -4.3964, -1.3189 3.2764 -4.3964, -1.3189 3.4921 -4.5774, -1.1811 3.4921 -4.5774, -1.3189 3.4997 -4.5824, -1.1811 3.4997 -4.5824, -1.3189 3.5083 -4.5856, -1.1811 3.5083 -4.5856, -1.3189 3.5174 -4.5866, -1.1811 3.5174 -4.5866, -1.3189 4.065 -4.5866, -1.1811 4.065 -4.5866, -1.8189 3.5174 -4.6654, -1.8189 4.065 -4.6654, -1.6811 3.5174 -4.6654, -1.6811 4.065 -4.6654, -1.6811 3.4902 -4.6622, -1.8189 3.4902 -4.6622, -1.6811 3.4644 -4.6528, -1.8189 3.4644 -4.6528, -1.6811 3.4415 -4.6377, -1.8189 3.4415 -4.6377, -1.8189 3.2258 -4.4568, -1.6811 3.2258 -4.4568, -1.8189 3.2029 -4.4417, -1.6811 3.2029 -4.4417, -1.8189 3.1771 -4.4323, -1.6811 3.1771 -4.4323, -1.8189 3.1499 -4.4291, -1.6811 3.1499 -4.4291, -1.8189 3.0807 -4.4291, -1.6811 3.0807 -4.4291, -1.8189 3.1499 -4.3504, -1.8189 3.0807 -4.3504, -1.6811 3.1499 -4.3504, -1.6811 3.0807 -4.3504, -1.6811 3.1953 -4.3557, -1.8189 3.1953 -4.3557, -1.6811 3.2383 -4.3713, -1.8189 3.2383 -4.3713, -1.6811 3.2764 -4.3964, -1.8189 3.2764 -4.3964, -1.8189 3.4921 -4.5774, -1.6811 3.4921 -4.5774, -1.8189 3.4997 -4.5824, -1.6811 3.4997 -4.5824, -1.8189 3.5083 -4.5856, -1.6811 3.5083 -4.5856, -1.8189 3.5174 -4.5866, -1.6811 3.5174 -4.5866, -1.8189 4.065 -4.5866, -1.6811 4.065 -4.5866, -1.6811 4.065 -4.5866
            ]
        }
        coordIndex [
            0,1,2,-1,2,1,3,-1,0,2,4,-1,0,4,5,-1,5,4,6,-1,5,6,7,-1,7,6,8,-1,7,8,9,-1,10,9,11,-1,11,9,8,-1,10,11,12,-1,12,11,13,-1,12,13,14,-1,14,13,15,-1,14,15,16,-1,16,15,17,-1,18,16,19,-1,19,16,17,-1,20,21,22,-1,22,21,23,-1,20,22,24,-1,20,24,25,-1,25,24,26,-1,25,26,27,-1,27,26,28,-1,27,28,29,-1,30,29,31,-1,31,29,28,-1,30,31,32,-1,32,31,33,-1,32,33,34,-1,34,33,35,-1,34,35,36,-1,36,35,37,-1,38,36,39,-1,39,36,37,-1,1,38,3,-1,3,38,39,-1,38,1,36,-1,36,1,0,-1,36,0,34,-1,34,0,5,-1,34,5,32,-1,32,5,7,-1,32,7,30,-1,30,7,9,-1,30,9,29,-1,29,9,10,-1,29,10,27,-1,27,10,12,-1,27,12,25,-1,25,12,14,-1,25,14,20,-1,20,14,16,-1,20,16,21,-1,21,16,18,-1,23,19,22,-1,22,19,17,-1,22,17,24,-1,24,17,15,-1,24,15,26,-1,26,15,13,-1,26,13,28,-1,28,13,11,-1,28,11,31,-1,31,11,8,-1,31,8,33,-1,33,8,6,-1,33,6,35,-1,35,6,4,-1,35,4,37,-1,37,4,2,-1,37,2,39,-1,39,2,3,-1,40,41,42,-1,42,41,43,-1,40,42,44,-1,40,44,45,-1,45,44,46,-1,45,46,47,-1,47,46,48,-1,47,48,49,-1,50,49,51,-1,51,49,48,-1,50,51,52,-1,52,51,53,-1,52,53,54,-1,54,53,55,-1,54,55,56,-1,56,55,57,-1,58,56,59,-1,59,56,57,-1,60,61,62,-1,62,61,63,-1,60,62,64,-1,60,64,65,-1,65,64,66,-1,65,66,67,-1,67,66,68,-1,67,68,69,-1,70,69,71,-1,71,69,68,-1,70,71,72,-1,72,71,73,-1,72,73,74,-1,74,73,75,-1,74,75,76,-1,76,75,77,-1,78,76,79,-1,79,76,77,-1,41,78,43,-1,43,78,79,-1,78,41,76,-1,76,41,40,-1,76,40,74,-1,74,40,45,-1,74,45,72,-1,72,45,47,-1,72,47,70,-1,70,47,49,-1,70,49,69,-1,69,49,50,-1,69,50,67,-1,67,50,52,-1,67,52,65,-1,65,52,54,-1,65,54,60,-1,60,54,56,-1,60,56,61,-1,61,56,58,-1,63,59,62,-1,62,59,57,-1,62,57,64,-1,64,57,55,-1,64,55,66,-1,66,55,53,-1,66,53,68,-1,68,53,51,-1,68,51,71,-1,71,51,48,-1,71,48,73,-1,73,48,46,-1,73,46,75,-1,75,46,44,-1,75,44,77,-1,77,44,42,-1,77,42,79,-1,79,42,43,-1,80,81,82,-1,82,81,83,-1,80,82,84,-1,80,84,85,-1,85,84,86,-1,85,86,87,-1,87,86,88,-1,87,88,89,-1,90,89,91,-1,91,89,88,-1,90,91,92,-1,92,91,93,-1,92,93,94,-1,94,93,95,-1,94,95,96,-1,96,95,97,-1,98,96,99,-1,99,96,97,-1,100,101,102,-1,102,101,103,-1,100,102,104,-1,100,104,105,-1,105,104,106,-1,105,106,107,-1,107,106,108,-1,107,108,109,-1,110,109,111,-1,111,109,108,-1,110,111,112,-1,112,111,113,-1,112,113,114,-1,114,113,115,-1,114,115,116,-1,116,115,117,-1,118,116,119,-1,119,116,117,-1,81,118,83,-1,83,118,119,-1,118,81,116,-1,116,81,80,-1,116,80,114,-1,114,80,85,-1,114,85,112,-1,112,85,87,-1,112,87,110,-1,110,87,89,-1,110,89,109,-1,109,89,90,-1,109,90,107,-1,107,90,92,-1,107,92,105,-1,105,92,94,-1,105,94,100,-1,100,94,96,-1,100,96,101,-1,101,96,98,-1,103,99,102,-1,102,99,97,-1,102,97,104,-1,104,97,95,-1,104,95,106,-1,106,95,93,-1,106,93,108,-1,108,93,91,-1,108,91,111,-1,111,91,88,-1,111,88,113,-1,113,88,86,-1,113,86,115,-1,115,86,84,-1,115,84,117,-1,117,84,82,-1,117,82,119,-1,119,82,83,-1,120,121,122,-1,122,121,123,-1,120,122,124,-1,120,124,125,-1,125,124,126,-1,125,126,127,-1,127,126,128,-1,127,128,129,-1,130,129,131,-1,131,129,128,-1,130,131,132,-1,132,131,133,-1,132,133,134,-1,134,133,135,-1,134,135,136,-1,136,135,137,-1,138,136,139,-1,139,136,137,-1,140,141,142,-1,142,141,143,-1,140,142,144,-1,140,144,145,-1,145,144,146,-1,145,146,147,-1,147,146,148,-1,147,148,149,-1,150,149,151,-1,151,149,148,-1,150,151,152,-1,152,151,153,-1,152,153,154,-1,154,153,155,-1,154,155,156,-1,156,155,157,-1,158,156,159,-1,159,156,157,-1,121,158,123,-1,123,158,159,-1,158,121,156,-1,156,121,120,-1,156,120,154,-1,154,120,125,-1,154,125,152,-1,152,125,127,-1,152,127,150,-1,150,127,129,-1,150,129,149,-1,149,129,130,-1,149,130,147,-1,147,130,132,-1,147,132,145,-1,145,132,134,-1,145,134,140,-1,140,134,136,-1,140,136,141,-1,141,136,138,-1,143,139,142,-1,142,139,137,-1,142,137,144,-1,144,137,135,-1,144,135,146,-1,146,135,133,-1,146,133,148,-1,148,133,131,-1,148,131,151,-1,151,131,128,-1,151,128,153,-1,153,128,126,-1,153,126,155,-1,155,126,124,-1,155,124,157,-1,157,124,122,-1,157,122,159,-1,159,122,123,-1,160,161,162,-1,162,161,163,-1,160,162,164,-1,160,164,165,-1,165,164,166,-1,165,166,167,-1,167,166,168,-1,167,168,169,-1,170,169,171,-1,171,169,168,-1,170,171,172,-1,172,171,173,-1,172,173,174,-1,174,173,175,-1,174,175,176,-1,176,175,177,-1,178,176,179,-1,179,176,177,-1,180,181,182,-1,182,181,183,-1,180,182,184,-1,180,184,185,-1,185,184,186,-1,185,186,187,-1,187,186,188,-1,187,188,189,-1,190,189,191,-1,191,189,188,-1,190,191,192,-1,192,191,193,-1,192,193,194,-1,194,193,195,-1,194,195,196,-1,196,195,197,-1,198,196,199,-1,199,196,197,-1,161,198,163,-1,163,198,199,-1,198,161,196,-1,196,161,160,-1,196,160,194,-1,194,160,165,-1,194,165,192,-1,192,165,167,-1,192,167,190,-1,190,167,169,-1,190,169,189,-1,189,169,170,-1,189,170,187,-1,187,170,172,-1,187,172,185,-1,185,172,174,-1,185,174,180,-1,180,174,176,-1,180,176,181,-1,181,176,178,-1,183,179,182,-1,182,179,177,-1,182,177,184,-1,184,177,175,-1,184,175,186,-1,186,175,173,-1,186,173,188,-1,188,173,171,-1,188,171,191,-1,191,171,168,-1,191,168,193,-1,193,168,166,-1,193,166,195,-1,195,166,164,-1,195,164,197,-1,197,164,162,-1,197,162,199,-1,199,162,163,-1,200,201,202,-1,202,201,203,-1,200,202,204,-1,200,204,205,-1,205,204,206,-1,205,206,207,-1,207,206,208,-1,207,208,209,-1,210,209,211,-1,211,209,208,-1,210,211,212,-1,212,211,213,-1,212,213,214,-1,214,213,215,-1,214,215,216,-1,216,215,217,-1,218,216,219,-1,219,216,217,-1,220,221,222,-1,222,221,223,-1,220,222,224,-1,220,224,225,-1,225,224,226,-1,225,226,227,-1,227,226,228,-1,227,228,229,-1,230,229,231,-1,231,229,228,-1,230,231,232,-1,232,231,233,-1,232,233,234,-1,234,233,235,-1,234,235,236,-1,236,235,237,-1,238,236,239,-1,239,236,237,-1,201,238,203,-1,203,238,239,-1,238,201,236,-1,236,201,200,-1,236,200,234,-1,234,200,205,-1,234,205,232,-1,232,205,207,-1,232,207,230,-1,230,207,209,-1,230,209,229,-1,229,209,210,-1,229,210,227,-1,227,210,212,-1,227,212,225,-1,225,212,214,-1,225,214,220,-1,220,214,216,-1,220,216,221,-1,221,216,218,-1,223,219,222,-1,222,219,217,-1,222,217,224,-1,224,217,215,-1,224,215,226,-1,226,215,213,-1,226,213,228,-1,228,213,211,-1,228,211,231,-1,231,211,208,-1,231,208,233,-1,233,208,206,-1,233,206,235,-1,235,206,204,-1,235,204,237,-1,237,204,202,-1,237,202,239,-1,239,202,203,-1,240,241,242,-1,242,241,243,-1,240,242,244,-1,240,244,245,-1,245,244,246,-1,245,246,247,-1,247,246,248,-1,247,248,249,-1,250,249,251,-1,251,249,248,-1,250,251,252,-1,252,251,253,-1,252,253,254,-1,254,253,255,-1,254,255,256,-1,256,255,257,-1,258,256,259,-1,259,256,257,-1,260,261,262,-1,262,261,263,-1,260,262,264,-1,260,264,265,-1,265,264,266,-1,265,266,267,-1,267,266,268,-1,267,268,269,-1,270,269,271,-1,271,269,268,-1,270,271,272,-1,272,271,273,-1,272,273,274,-1,274,273,275,-1,274,275,276,-1,276,275,277,-1,278,276,279,-1,279,276,277,-1,241,278,243,-1,243,278,279,-1,278,241,276,-1,276,241,240,-1,276,240,274,-1,274,240,245,-1,274,245,272,-1,272,245,247,-1,272,247,270,-1,270,247,249,-1,270,249,269,-1,269,249,250,-1,269,250,267,-1,267,250,252,-1,267,252,265,-1,265,252,254,-1,265,254,260,-1,260,254,256,-1,260,256,261,-1,261,256,258,-1,263,259,262,-1,262,259,257,-1,262,257,264,-1,264,257,255,-1,264,255,266,-1,266,255,253,-1,266,253,268,-1,268,253,251,-1,268,251,271,-1,271,251,248,-1,271,248,273,-1,273,248,246,-1,273,246,275,-1,275,246,244,-1,275,244,277,-1,277,244,242,-1,277,242,279,-1,279,242,243,-1,280,281,282,-1,282,281,283,-1,280,282,284,-1,280,284,285,-1,285,284,286,-1,285,286,287,-1,287,286,288,-1,287,288,289,-1,290,289,291,-1,291,289,288,-1,290,291,292,-1,292,291,293,-1,292,293,294,-1,294,293,295,-1,294,295,296,-1,296,295,297,-1,298,296,299,-1,299,296,297,-1,300,301,302,-1,302,301,303,-1,300,302,304,-1,300,304,305,-1,305,304,306,-1,305,306,307,-1,307,306,308,-1,307,308,309,-1,310,309,311,-1,311,309,308,-1,310,311,312,-1,312,311,313,-1,312,313,314,-1,314,313,315,-1,314,315,316,-1,316,315,317,-1,318,316,319,-1,319,316,317,-1,281,318,283,-1,283,318,319,-1,318,281,316,-1,316,281,280,-1,316,280,314,-1,314,280,285,-1,314,285,312,-1,312,285,287,-1,312,287,310,-1,310,287,289,-1,310,289,309,-1,309,289,290,-1,309,290,307,-1,307,290,292,-1,307,292,305,-1,305,292,294,-1,305,294,300,-1,300,294,296,-1,300,296,301,-1,301,296,298,-1,303,299,302,-1,302,299,297,-1,302,297,304,-1,304,297,295,-1,304,295,306,-1,306,295,293,-1,306,293,308,-1,308,293,291,-1,308,291,311,-1,311,291,288,-1,311,288,313,-1,313,288,286,-1,313,286,315,-1,315,286,284,-1,315,284,317,-1,317,284,282,-1,317,282,319,-1,319,282,283,-1,
        ]
    }
}
Shape{
    appearance Appearance {
        material  Material 	{
            diffuseColor 0.25098039215686274 0.25098039215686274 0.25098039215686274
            specularColor 0.12549019607843137 0.12549019607843137 0.12549019607843137
            ambientIntensity 0.2
            transparency 0
            shininess 0.5
        }
    }
    geometry IndexedFaceSet {
        ccw TRUE
        solid FALSE
        coord DEF co Coordinate {
            point [
                0.9044 -3.0311 -4.3371, 0.9044 -3.0311 -4.4291, 1.2243 -3.2129 -4.3371, 1.6477 -3.4536 -4.4291, 1.2243 -3.2129 -3.5822, 1.6477 -3.4536 -3.5822, 1.6477 -3.9035 -3.5822, 1.6477 -3.9035 -4.4291, 0.9044 -0.8642 -4.626, 0.9044 -1.5413 -4.626, 0.9044 -1.5413 -4.4291, 0.9044 -0.7599 -4.626, 0.9044 -0.7599 -4.3371, -0.9044 -3.0311 -4.3371, -0.9044 -3.0311 -4.4291, -0.9044 -1.5413 -4.4291, -0.9044 -1.5413 -4.626, -0.9044 -0.8642 -4.626, -0.9044 -0.7599 -4.3371, -0.9044 -0.7599 -4.626, -1.2243 -3.2129 -4.3371, -1.2243 -3.2129 -3.5822, -1.6477 -3.4536 -3.5822, -1.6477 -3.4536 -4.4291, -1.6477 -3.9035 -3.5822, -1.6477 -3.9035 -4.4291, 0.7806 -0.7599 -4.3371, 0.7806 -0.7599 -4.4291, -0.7806 -0.7599 -4.3371, -0.7806 -0.7599 -4.4291, -0.5554 -0.7599 -4.626, -0.1857 -0.7599 -4.626, 0.1024 -0.7599 -4.626, 0.4505 -0.7599 -4.626, -1.3513 -2.4311 -4.626, -1.2402 -2.4311 -4.626, -1.2402 -2.4311 -4.4291, -2.8297 -2.4311 -4.626, -2.937 -2.4311 -4.4291, -2.937 -2.4311 -4.626, -1.2402 -1.5413 -4.4291, -1.2402 -1.9035 -4.626, -1.2402 -1.5413 -4.626, 2.937 -2.4311 -4.4291, 1.2402 -2.4311 -4.4291, 2.937 -2.4311 -4.626, 1.2402 -2.4311 -4.626, 1.2402 -1.9035 -4.626, 1.2402 -1.5413 -4.4291, 1.2402 -1.5413 -4.626, 1.2402 -1.5413 -4.626
            ]
        }
        coordIndex [
            0,1,2,-1,2,1,3,-1,2,3,4,-1,4,3,5,-1,5,3,6,-1,6,3,7,-1,8,9,10,-1,11,8,12,-1,12,8,10,-1,12,10,0,-1,0,10,1,-1,13,14,15,-1,15,16,17,-1,13,15,18,-1,18,15,17,-1,18,17,19,-1,14,13,20,-1,21,22,20,-1,20,22,23,-1,20,23,14,-1,24,25,22,-1,22,25,23,-1,12,26,11,-1,11,26,27,-1,28,18,29,-1,29,18,19,-1,29,19,30,-1,30,31,29,-1,29,31,32,-1,29,32,27,-1,27,32,33,-1,27,33,11,-1,34,35,36,-1,34,36,37,-1,37,36,38,-1,37,38,39,-1,36,35,40,-1,40,35,41,-1,40,41,42,-1,43,44,45,-1,45,44,46,-1,46,44,47,-1,47,44,48,-1,47,48,49,-1,
        ]
    }
}
Shape{
    appearance Appearance {
        material  Material 	{
            diffuseColor 1.0 1.0 1.0
            specularColor 0.5019607843137255 0.5019607843137255 0.5019607843137255
            ambientIntensity 0.2
            transparency 0
            shininess 0.5
        }
    }
    geometry IndexedFaceSet {
        ccw TRUE
        solid FALSE
        coord DEF co Coordinate {
            point [
                -0.665 1.0878 -4.626, -0.665 1.0878 -4.622, -0.6274 0.9773 -4.626, -0.6274 0.9773 -4.622, -0.8276 1.0878 -4.626, -0.8276 1.0878 -4.622, -0.8675 0.9773 -4.626, -0.8675 0.9773 -4.622, -0.9251 0.9773 -4.626, -0.9251 0.9773 -4.622, -0.7714 1.371 -4.626, -0.7714 1.371 -4.622, -0.7186 1.371 -4.626, -0.7186 1.371 -4.622, -0.5698 0.9773 -4.626, -0.5698 0.9773 -4.622, -0.6783 1.131 -4.622, -0.737 1.2954 -4.622, -0.7472 1.3093 -4.622, -0.7433 1.323 -4.622, -0.7408 1.3091 -4.622, -0.8099 1.131 -4.622, -0.7506 1.2954 -4.622, -0.6783 1.131 -4.626, -0.737 1.2954 -4.626, -0.8099 1.131 -4.626, -0.7506 1.2954 -4.626, -0.7472 1.3093 -4.626, -0.7433 1.323 -4.626, -0.7408 1.3091 -4.626, -0.2241 0.9773 -4.626, -0.2241 0.9773 -4.622, -0.2241 1.371 -4.626, -0.2241 1.371 -4.622, -0.3311 0.9773 -4.626, -0.3311 0.9773 -4.622, -0.541 1.1791 -4.626, -0.541 1.1791 -4.622, -0.5349 1.1556 -4.622, -0.5349 1.1556 -4.626, -0.5041 1.0671 -4.622, -0.5041 1.0671 -4.626, -0.4827 1.0348 -4.622, -0.4827 1.0348 -4.626, -0.4619 1.0157 -4.622, -0.4619 1.0157 -4.626, -0.4347 1.0008 -4.622, -0.4347 1.0008 -4.626, -0.3947 0.9884 -4.622, -0.3947 0.9884 -4.626, -0.3352 1.371 -4.626, -0.3352 1.371 -4.622, -0.3622 1.3656 -4.622, -0.3622 1.3656 -4.626, -0.4467 1.3407 -4.622, -0.4467 1.3407 -4.626, -0.4787 1.3219 -4.622, -0.4787 1.3219 -4.626, -0.4981 1.3027 -4.622, -0.4981 1.3027 -4.626, -0.5136 1.2772 -4.622, -0.5136 1.2772 -4.626, -0.5274 1.2394 -4.622, -0.5274 1.2394 -4.626, -0.4103 1.3125 -4.622, -0.4302 1.3024 -4.622, -0.4446 1.2903 -4.622, -0.459 1.2704 -4.622, -0.475 1.2313 -4.622, -0.4882 1.178 -4.622, -0.4808 1.1307 -4.622, -0.4723 1.1005 -4.622, -0.4619 1.08 -4.622, -0.4491 1.0649 -4.622, -0.4284 1.0502 -4.622, -0.388 1.0339 -4.622, -0.381 1.3208 -4.622, -0.335 1.3278 -4.622, -0.2769 1.3278 -4.622, -0.2769 1.0205 -4.622, -0.3328 1.0205 -4.622, -0.4882 1.178 -4.626, -0.475 1.2313 -4.626, -0.459 1.2704 -4.626, -0.4446 1.2903 -4.626, -0.4302 1.3024 -4.626, -0.4103 1.3125 -4.626, -0.381 1.3208 -4.626, -0.335 1.3278 -4.626, -0.2769 1.3278 -4.626, -0.2769 1.0205 -4.626, -0.3328 1.0205 -4.626, -0.388 1.0339 -4.626, -0.4284 1.0502 -4.626, -0.4491 1.0649 -4.626, -0.4619 1.08 -4.626, -0.4723 1.1005 -4.626, -0.4808 1.1307 -4.626, -0.1281 1.1982 -4.626, -0.1281 1.1982 -4.622, -0.1281 1.155 -4.626, -0.1281 1.155 -4.622, 0.0112 1.1982 -4.626, 0.0112 1.1982 -4.622, 0.0112 1.3278 -4.626, 0.0112 1.3278 -4.622, -0.1377 1.3278 -4.626, -0.1377 1.3278 -4.622, -0.1377 1.371 -4.626, -0.1377 1.371 -4.622, 0.064 1.371 -4.626, 0.064 1.371 -4.622, 0.064 0.9773 -4.626, 0.064 0.9773 -4.622, -0.1473 0.9773 -4.626, -0.1473 0.9773 -4.622, -0.1473 1.0205 -4.626, -0.1473 1.0205 -4.622, 0.0112 1.0205 -4.626, 0.0112 1.0205 -4.622, 0.0112 1.155 -4.626, 0.0112 1.155 -4.622, 0.1408 1.3074 -4.626, 0.1408 1.3074 -4.622, 0.1853 1.3264 -4.622, 0.1853 1.3264 -4.626, 0.233 1.3326 -4.622, 0.233 1.3326 -4.626, 0.1408 1.3602 -4.626, 0.1408 1.3602 -4.622, 0.2335 1.3758 -4.626, 0.2335 1.3758 -4.622, 0.1863 1.3726 -4.622, 0.1863 1.3726 -4.626, 0.4337 1.1668 -4.626, 0.4337 1.1668 -4.622, 0.4288 1.1892 -4.622, 0.4288 1.1892 -4.626, 0.4014 1.2795 -4.622, 0.4014 1.2795 -4.626, 0.3815 1.3127 -4.622, 0.3815 1.3127 -4.626, 0.3615 1.3326 -4.622, 0.3615 1.3326 -4.626, 0.3351 1.3484 -4.622, 0.3351 1.3484 -4.626, 0.2959 1.3623 -4.622, 0.2959 1.3623 -4.626, 0.2583 0.9749 -4.626, 0.2491 0.9725 -4.626, 0.2491 0.9725 -4.622, 0.2804 0.9807 -4.626, 0.2804 0.9807 -4.622, 0.3547 1.0078 -4.622, 0.3547 1.0078 -4.626, 0.3832 1.0272 -4.622, 0.3832 1.0272 -4.626, 0.4003 1.0464 -4.622, 0.4003 1.0464 -4.626, 0.4134 1.0716 -4.622, 0.4134 1.0716 -4.626, 0.4243 1.1084 -4.622, 0.4243 1.1084 -4.626, 0.1934 0.9781 -4.626, 0.1408 0.9977 -4.626, 0.1934 0.9781 -4.622, 0.1408 0.9977 -4.622, 0.2252 0.9749 -4.626, 0.1408 1.041 -4.626, 0.1408 1.041 -4.622, 0.2419 1.0157 -4.626, 0.2419 1.0157 -4.622, 0.1895 1.0215 -4.622, 0.1895 1.0215 -4.626, 0.3809 1.17 -4.626, 0.3809 1.17 -4.622, 0.3716 1.1222 -4.622, 0.3716 1.1222 -4.626, 0.3577 1.0808 -4.622, 0.3577 1.0808 -4.626, 0.3444 1.0597 -4.622, 0.3444 1.0597 -4.626, 0.3323 1.0477 -4.622, 0.3323 1.0477 -4.626, 0.3136 1.0363 -4.622, 0.3136 1.0363 -4.626, 0.2859 1.026 -4.622, 0.2859 1.026 -4.626, 0.2525 1.327 -4.622, 0.2525 1.327 -4.626, 0.3172 1.3023 -4.622, 0.3172 1.3023 -4.626, 0.3409 1.2857 -4.622, 0.3409 1.2857 -4.626, 0.3548 1.2696 -4.622, 0.3548 1.2696 -4.626, 0.3654 1.2487 -4.622, 0.3654 1.2487 -4.626, 0.3739 1.2182 -4.622, 0.3739 1.2182 -4.626, 0.6689 0.9773 -4.626, 0.6689 0.9773 -4.622, 0.6689 1.371 -4.626, 0.6689 1.371 -4.622, 0.4673 0.9773 -4.626, 0.4673 0.9773 -4.622, 0.4673 1.0205 -4.626, 0.4673 1.0205 -4.622, 0.6161 1.0205 -4.626, 0.6161 1.0205 -4.622, 0.6161 1.371 -4.626, 0.6161 1.371 -4.622, 0.6161 1.371 -4.622
            ]
        }
        coordIndex [
            0,1,2,-1,2,1,3,-1,4,5,0,-1,0,5,1,-1,6,7,4,-1,4,7,5,-1,8,9,6,-1,6,9,7,-1,10,11,8,-1,8,11,9,-1,12,13,10,-1,10,13,11,-1,14,15,12,-1,12,15,13,-1,14,2,15,-1,15,2,3,-1,16,17,13,-1,15,3,1,-1,18,11,19,-1,19,11,13,-1,19,13,20,-1,20,13,17,-1,13,15,16,-1,16,15,1,-1,16,1,21,-1,21,1,5,-1,18,22,11,-1,11,22,21,-1,11,21,9,-1,9,21,5,-1,9,5,7,-1,16,23,17,-1,17,23,24,-1,21,25,16,-1,16,25,23,-1,22,26,21,-1,21,26,25,-1,26,22,18,-1,26,18,27,-1,27,18,19,-1,27,19,28,-1,28,19,20,-1,28,20,29,-1,29,20,17,-1,29,17,24,-1,30,31,32,-1,32,31,33,-1,34,35,30,-1,30,35,31,-1,36,37,38,-1,36,38,39,-1,39,38,40,-1,39,40,41,-1,41,40,42,-1,41,42,43,-1,43,42,44,-1,43,44,45,-1,45,44,46,-1,45,46,47,-1,47,46,48,-1,47,48,49,-1,49,48,35,-1,49,35,34,-1,50,51,52,-1,50,52,53,-1,53,52,54,-1,53,54,55,-1,55,54,56,-1,55,56,57,-1,57,56,58,-1,57,58,59,-1,59,58,60,-1,59,60,61,-1,61,60,62,-1,61,62,63,-1,63,62,37,-1,63,37,36,-1,50,32,51,-1,51,32,33,-1,64,65,54,-1,54,65,56,-1,56,65,66,-1,56,66,58,-1,58,66,67,-1,58,67,60,-1,60,67,68,-1,60,68,62,-1,62,68,37,-1,37,68,69,-1,37,69,38,-1,38,69,70,-1,38,70,40,-1,70,71,40,-1,40,71,72,-1,40,72,42,-1,42,72,73,-1,42,73,44,-1,44,73,74,-1,44,74,46,-1,46,74,75,-1,64,54,76,-1,76,54,52,-1,76,52,77,-1,77,52,51,-1,77,51,78,-1,78,51,33,-1,78,33,79,-1,79,33,31,-1,79,31,80,-1,80,31,35,-1,80,35,75,-1,75,35,48,-1,75,48,46,-1,81,69,68,-1,81,68,82,-1,82,68,67,-1,82,67,83,-1,83,67,66,-1,83,66,84,-1,84,66,65,-1,84,65,85,-1,85,65,64,-1,85,64,86,-1,86,64,76,-1,86,76,87,-1,87,76,77,-1,87,77,88,-1,78,89,77,-1,77,89,88,-1,79,90,78,-1,78,90,89,-1,80,91,79,-1,79,91,90,-1,91,80,75,-1,91,75,92,-1,92,75,74,-1,92,74,93,-1,93,74,73,-1,93,73,94,-1,94,73,72,-1,94,72,95,-1,95,72,71,-1,95,71,96,-1,96,71,70,-1,96,70,97,-1,97,70,69,-1,97,69,81,-1,98,99,100,-1,100,99,101,-1,102,103,98,-1,98,103,99,-1,104,105,102,-1,102,105,103,-1,106,107,104,-1,104,107,105,-1,108,109,106,-1,106,109,107,-1,110,111,108,-1,108,111,109,-1,112,113,110,-1,110,113,111,-1,114,115,112,-1,112,115,113,-1,116,117,114,-1,114,117,115,-1,118,119,116,-1,116,119,117,-1,120,121,118,-1,118,121,119,-1,120,100,121,-1,121,100,101,-1,113,115,117,-1,117,119,113,-1,113,119,121,-1,113,121,111,-1,107,109,105,-1,105,109,111,-1,105,111,103,-1,103,111,121,-1,103,121,99,-1,99,121,101,-1,122,123,124,-1,122,124,125,-1,125,124,126,-1,125,126,127,-1,128,129,122,-1,122,129,123,-1,130,131,132,-1,130,132,133,-1,133,132,129,-1,133,129,128,-1,134,135,136,-1,134,136,137,-1,137,136,138,-1,137,138,139,-1,139,138,140,-1,139,140,141,-1,141,140,142,-1,141,142,143,-1,143,142,144,-1,143,144,145,-1,145,144,146,-1,145,146,147,-1,147,146,131,-1,147,131,130,-1,148,149,150,-1,148,150,151,-1,150,152,151,-1,151,152,153,-1,151,153,154,-1,154,153,155,-1,154,155,156,-1,156,155,157,-1,156,157,158,-1,158,157,159,-1,158,159,160,-1,160,159,161,-1,160,161,162,-1,162,161,135,-1,162,135,134,-1,163,164,165,-1,165,164,166,-1,163,165,167,-1,167,165,150,-1,167,150,149,-1,168,169,164,-1,164,169,166,-1,170,171,172,-1,170,172,173,-1,173,172,169,-1,173,169,168,-1,174,175,176,-1,174,176,177,-1,177,176,178,-1,177,178,179,-1,179,178,180,-1,179,180,181,-1,181,180,182,-1,181,182,183,-1,183,182,184,-1,183,184,185,-1,185,184,186,-1,185,186,187,-1,187,186,171,-1,187,171,170,-1,127,126,188,-1,127,188,189,-1,189,188,190,-1,189,190,191,-1,191,190,192,-1,191,192,193,-1,193,192,194,-1,193,194,195,-1,195,194,196,-1,195,196,197,-1,197,196,198,-1,197,198,199,-1,199,198,175,-1,199,175,174,-1,123,129,124,-1,124,129,132,-1,124,132,126,-1,126,132,131,-1,126,131,188,-1,188,131,146,-1,188,146,190,-1,176,159,178,-1,178,159,157,-1,178,157,180,-1,180,157,155,-1,180,155,182,-1,182,155,153,-1,146,144,190,-1,190,144,142,-1,190,142,192,-1,192,142,140,-1,192,140,194,-1,194,140,138,-1,194,138,196,-1,166,169,165,-1,165,169,172,-1,165,172,150,-1,150,172,171,-1,150,171,152,-1,152,171,186,-1,152,186,153,-1,153,186,184,-1,153,184,182,-1,196,138,198,-1,198,138,136,-1,198,136,175,-1,175,136,135,-1,175,135,176,-1,176,135,161,-1,176,161,159,-1,200,201,202,-1,202,201,203,-1,204,205,200,-1,200,205,201,-1,206,207,204,-1,204,207,205,-1,208,209,206,-1,206,209,207,-1,210,211,208,-1,208,211,209,-1,210,202,211,-1,211,202,203,-1,211,203,209,-1,209,203,201,-1,209,201,207,-1,207,201,205,-1,
        ]
    }
}
Shape{
    appearance Appearance {
        material  Material 	{
            diffuseColor 0.25098039215686274 0.25098039215686274 0.25098039215686274
            specularColor 0.12549019607843137 0.12549019607843137 0.12549019607843137
            ambientIntensity 0.2
            transparency 0
            shininess 0.5
        }
    }
    geometry IndexedFaceSet {
        ccw TRUE
        solid FALSE
        coord DEF co Coordinate {
            point [
                -0.6783 1.131 -4.626, -0.8099 1.131 -4.626, -0.737 1.2954 -4.626, -0.7506 1.2954 -4.626, -0.7408 1.3091 -4.626, -0.7472 1.3093 -4.626, -0.7433 1.323 -4.626, -0.335 1.3278 -4.626, -0.2769 1.3278 -4.626, -0.4808 1.1307 -4.626, -0.4723 1.1005 -4.626, -0.4103 1.3125 -4.626, -0.381 1.3208 -4.626, -0.475 1.2313 -4.626, -0.4882 1.178 -4.626, -0.2769 1.0205 -4.626, -0.3328 1.0205 -4.626, -0.388 1.0339 -4.626, -0.4284 1.0502 -4.626, -0.4491 1.0649 -4.626, -0.4619 1.08 -4.626, -0.4302 1.3024 -4.626, -0.459 1.2704 -4.626, -0.4446 1.2903 -4.626, -0.4446 1.2903 -4.626
            ]
        }
        coordIndex [
            0,1,2,-1,2,1,3,-1,2,3,4,-1,4,3,5,-1,4,5,6,-1,7,8,9,-1,9,8,10,-1,11,12,13,-1,7,9,12,-1,12,9,14,-1,12,14,13,-1,15,16,8,-1,8,16,17,-1,8,17,18,-1,18,19,8,-1,8,19,20,-1,8,20,10,-1,11,13,21,-1,21,13,22,-1,21,22,23,-1,
        ]
    }
}